{
  "objective_value": 11181797743.582397,
  "reservoir_parameters": {
    "RES-Kattakurgan": {
      "h1": [
        505.70378367377697,
        502.0646528818858,
        500.54009008122125,
        499.1923668273249,
        499.1266610214991,
        509.63980814384377,
        505.0087146538019,
        507.105529476626,
        511.02749431895194,
        506.14070036453495,
        506.9727248284931,
        505.9047661990567
      ],
      "h2": [
        507.0900630961316,
        505.2549379484348,
        504.88094908362353,
        505.6131475061134,
        511.112436368098,
        509.7073892045996,
        507.7229808128423,
        509.04524905306977,
        511.1093333336519,
        506.2976503150369,
        509.7319396103762,
        506.23567307031504
      ],
      "w": [
        81.50033370364255,
        80.93963584764285,
        22.15177123783643,
        83.63377856264216,
        68.95284543635425,
        67.38936442219764,
        114.27762534457736,
        39.596715206435306,
        37.053363295227484,
        16.8244007267013,
        12.849201782916778,
        102.24995174881606
      ],
      "m1": [
        1.532500732233022,
        1.4831039833536355,
        1.5213000366037004,
        1.5523238531019476,
        1.4756871261631646,
        1.5343589162453701,
        1.5440307964507531,
        1.540936529615558,
        1.473457719116119,
        1.521788769811935,
        1.5021379892865507,
        1.4991960620839921
      ],
      "m2": [
        1.534135500692153,
        1.5434106850308342,
        1.5156150931629386,
        1.4890958958833174,
        1.498548339703986,
        1.5025797436724335,
        1.5365279262379548,
        1.5624748723177575,
        1.5262411772263973,
        1.532159556958874,
        1.5372488844452994,
        1.5662999800965611
      ]
    },
    "RES-Akdarya": {
      "h1": [
        487.8555064611782,
        489.002229095151,
        485.801716669342,
        489.8756256311216,
        488.05394487926776,
        486.93734172116376,
        490.2190445759928,
        487.91230622258314,
        487.46610760225497,
        491.3001071724959,
        490.4239204756485,
        485.4551324926014
      ],
      "h2": [
        492.8683830759634,
        490.8307607384332,
        493.950986932631,
        492.1763440250976,
        492.7667793373815,
        494.428687086873,
        494.70267466265994,
        493.4024751714404,
        493.60335952070653,
        496.11068449759597,
        491.1633803917842,
        489.93870618867544
      ],
      "w": [
        110.54915772457464,
        115.83064590330473,
        71.12162009831248,
        112.05288680197908,
        64.60845980797662,
        91.17743634213478,
        93.83287417141369,
        58.89767855237178,
        80.94552179526679,
        66.62558650441852,
        90.79386904789071,
        45.20013639094647
      ],
      "m1": [
        1.4886875885619526,
        1.550105051202756,
        1.5422413865638058,
        1.5239041704285976,
        1.5251061800614176,
        1.535237079401802,
        1.5141840729915401,
        1.4706232607817722,
        1.5436867521178206,
        1.547865527917321,
        1.5111886300457604,
        1.4974047240319233
      ],
      "m2": [
        1.4782555756366165,
        1.5352826685707655,
        1.4775724100445706,
        1.4816607255215868,
        1.471733640917561,
        1.5350626232429454,
        1.4731349182769233,
        1.5655687363620292,
        1.544055561126354,
        1.5654253407533048,
        1.5449976942146237,
        1.5525123415234663
      ]
    }
  },
  "hydroworks_parameters": {
    "HW-EskiAnkhor": {
      "Pastdargom": [
        0.9771951443397742,
        0.5,
        0.4317563979046675,
        0.5,
        0.06462773316936296,
        0.5503101624988682,
        0.6460233816407246,
        0.02613748467912282,
        0.20445872765406892,
        0.4176667110652525,
        0.5758537628233663,
        0.8117153281972541
      ],
      "Nurobod": [
        0.02280485566022581,
        0.5,
        0.5682436020953325,
        0.5,
        0.9353722668306371,
        0.4496898375011318,
        0.3539766183592754,
        0.9738625153208772,
        0.7955412723459311,
        0.5823332889347476,
        0.4241462371766337,
        0.1882846718027459
      ]
    },
    "HW-Ravatkhoza": {
      "HW-AkKaraDarya": [
        0.36449413769540884,
        0.06938640258542955,
        0.11313323741975144,
        0.044832836993379845,
        0.04840526725632692,
        0.15540037856160555,
        0.3523360918990916,
        0.43733292546860586,
        0.47878463591244597,
        0.1753031820921242,
        0.14738565733843786,
        0.22654998143943533
      ],
      "Bulungur": [
        0.2480338801413624,
        0.35296760116786136,
        0.22020009591358192,
        0.2226563253900403,
        0.37847960552239673,
        0.17793295477172782,
        0.10867941676665228,
        0.0383103247555719,
        0.12246612354108603,
        0.25873178253417267,
        0.17710799205239555,
        0.22071453065808824
      ],
      "Jomboy": [
        0.27470776279012543,
        0.42191337555439656,
        0.31047572398872475,
        0.33695692795901466,
        0.37446601064299295,
        0.23936985213047537,
        0.020488510720936014,
        0.2096794822503574,
        0.17008468275280988,
        0.3487749885134106,
        0.24652980964648413,
        0.2328179071823518
      ],
      "Sink-Jizzakh": [
        0.06335157782413664,
        0.0726846496658103,
        0.022857609344608565,
        0.06774244538076173,
        0.02096669809356224,
        0.09396348120285797,
        0.06124751443369217,
        0.0663493758145778,
        0.0625401121892048,
        0.0985487771925989,
        0.07290363914638169,
        0.025089505748536
      ],
      "Toyloq": [
        0.04672135076414038,
        0.01553834071911987,
        0.30005588481240303,
        0.2436612899872858,
        0.146963093188719,
        0.021384722066561782,
        0.19122451989033942,
        0.19847565368586081,
        0.039442770968419465,
        0.009749261258479684,
        0.2603462069327858,
        0.05809880333073301
      ],
      "Urgut": [
        0.002691290784826297,
        0.06750963030738241,
        0.03327744852093035,
        0.08415017428951771,
        0.030719325296002187,
        0.3119486112667716,
        0.26602394628928855,
        0.049852238025026266,
        0.12668167463603397,
        0.10889200840921409,
        0.09572669488351494,
        0.2367292716408557
      ]
    },
    "HW-AkKaraDarya": {
      "Oqdaryo": [
        0.7460272365627932,
        0.5776614728612072,
        0.023325540460828877,
        0.3124422946896946,
        0.15128466436078924,
        0.20003580861221557,
        0.01606441417025085,
        0.0599478284932104,
        0.02444397913904078,
        0.7554260835542272,
        0.9009341168568992,
        0.9240349527518389
      ],
      "HW-Damkhoza": [
        0.25397276343720676,
        0.4223385271387928,
        0.9766744595391711,
        0.6875577053103055,
        0.8487153356392108,
        0.7999641913877845,
        0.9839355858297492,
        0.9400521715067897,
        0.9755560208609593,
        0.24457391644577278,
        0.09906588314310084,
        0.0759650472481611
      ]
    },
    "HW-Damkhoza": {
      "RES-Kattakurgan": [
        0.18715633405341406,
        0.13275773775009675,
        0.024848968126704514,
        0.11284041801379245,
        0.09766548827621017,
        0.23970687381113231,
        0.5054145386739026,
        0.2923357095977699,
        0.3188337887889651,
        0.4379762436382021,
        0.3673085319502347,
        0.07307132496673373
      ],