{
  "objective_value": 101718882410.3042,
  "reservoir_parameters": {
    "RES-Kattakurgan": {
      "h1": [
        501.23302659517555,
        505.7673802240123,
        499.8673028524735,
        499.0281142996398,
        498.7144277848617,
        508.343337185819,
        506.18348434849304,
        510.5434182618968,
        510.9261861480003,
        506.61683173413195,
        508.85498310343445,
        508.0306751849523
      ],
      "h2": [
        509.4138650579408,
        507.98413326355694,
        505.93726113067294,
        509.3527681283521,
        506.33864698788267,
        510.9092332541684,
        510.2184658134666,
        510.60094568028035,
        511.07664075161375,
        508.9582799990976,
        509.3461126024782,
        508.9252253682414
      ],
      "w": [
        6.009306410407089,
        58.00193634375798,
        64.29588726806153,
        17.946366767847362,
        110.94551645160917,
        29.083619713639944,
        14.750697315613584,
        21.83955684633905,
        23.69209834516038,
        36.70303386335161,
        30.304889457091715,
        11.652286346964496
      ],
      "m1": [
        1.5646389369951366,
        1.5616121850816007,
        1.4910410422063365,
        1.5215271991704176,
        1.5355262221585047,
        1.5226834095210995,
        1.5494607902557047,
        1.5484798509400057,
        1.4739171494670418,
        1.4827094376799648,
        1.5544885132547426,
        1.487192885868492
      ],
      "m2": [
        1.5438179141286539,
        1.5536659408634537,
        1.4796547723220466,
        1.5303474197382803,
        1.5350819759344005,
        1.5435287611515067,
        1.5091741790693092,
        1.4961814638825428,
        1.519828102688979,
        1.5677763373966507,
        1.5052902347015644,
        1.5516574049313436
      ]
    },
    "RES-Akdarya": {
      "h1": [
        490.7980320695116,
        491.04152297115064,
        490.49947736140865,
        488.7996131980373,
        486.69724578691034,
        488.09056013715343,
        491.18749182983777,
        485.7916547121003,
        485.732888960503,
        486.9932040425888,
        489.2127397898494,
        491.3587094743659
      ],
      "h2": [
        495.59889410183104,
        493.3980631248326,
        493.52721273346174,
        489.74854731435727,
        495.2233277079019,
        489.0282449843106,
        493.7390703813991,
        495.64532071430585,
        494.59680326020634,
        496.0040848335177,
        490.6655342462669,
        494.00628788484164
      ],
      "w": [
        36.512844161651856,
        16.721226002279444,
        36.26582032318966,
        51.55348670816394,
        54.08235224866495,
        28.352663023273514,
        30.44664845796433,
        18.256376717255325,
        76.43096126484538,
        41.921737502187256,
        55.180164690566386,
        51.18201770561987
      ],
      "m1": [
        1.5450497697134298,
        1.5428396550849812,
        1.5548192452474003,
        1.5556640945240283,
        1.481144894677322,
        1.5285333205986484,
        1.478661820312062,
        1.5414474375160339,
        1.5084748352883626,
        1.5473440814737094,
        1.5510423102347106,
        1.5506693516134744
      ],
      "m2": [
        1.559131471313201,
        1.4888084972529643,
        1.5005345289513858,
        1.5238145243625356,
        1.559467008197924,
        1.5044368518187572,
        1.5585591077453622,
        1.4860352172282185,
        1.4846676241100771,
        1.4921393690663272,
        1.5160756863879286,
        1.5336029958900868
      ]
    }
  },
  "hydroworks_parameters": {
    "HW-EskiAnkhor": {
      "Pastdargom": [
        0.7459351900740473,
        0.7499816310206683,
        0.5,
        0.2626658324183155,
        0.14101674546556164,
        0.7787867310623026,
        0.7348209806592991,
        0.3565902161761968,
        0.44692475391016545,
        0.11367577935215485,
        0.5618091782435025,
        0.47036935028424487
      ],
      "Nurobod": [
        0.25406480992595265,
        0.2500183689793318,
        0.5,
        0.7373341675816846,
        0.8589832545344384,
        0.2212132689376975,
        0.26517901934070087,
        0.6434097838238032,
        0.5530752460898346,
        0.8863242206478452,
        0.43819082175649754,
        0.5296306497157551
      ]
    },
    "HW-Ravadhoza": {
      "HW-AkKaraDarya": [
        0.003658191370607279,
        0.20099639831758478,
        0.06016469215784347,
        0.05788498991354153,
        0.49908346751235294,
        0.34826665147631025,
        0.3758937527304744,
        0.4759129863172701,
        0.40917479209743773,
        0.07996931400793418,
        0.14845789995513894,
        0.45662840523971865
      ],
      "Bulungur": [
        0.366668518536292,
        0.3456934223450294,
        0.28449494978823553,
        0.16822614767891683,
        0.20800701920540726,
        0.0566896104488043,
        0.034573563080364314,
        0.0067709988357404815,
        0.0009575411774171025,
        0.3465231122406659,
        0.2307892019516209,
        0.2541158385613546
      ],
      "Jomboy": [
        0.3311285020075248,
        0.35161420930795256,
        0.2679291820307144,
        0.4689514882941199,
        0.018974000275794833,
        0.04488126423877542,
        0.06314068281389652,
        0.1350427732436056,
        0.058433564568562225,
        0.3774104988030478,
        0.24560023411804385,
        0.07480851399083538
      ],
      "Sink-Jizzakh": [
        0.04149888705722264,
        0.03533210648633668,
        0.06315143923410944,
        0.08929788728859445,
        0.00043411259572393124,
        0.0838652887625675,
        0.0460052200181922,
        0.024284646940136045,
        0.26829525917681185,
        0.005519041494276414,
        0.07229977992176409,
        0.0774404087619023
      ],
      "Toyloq": [
        0.18067271993547715,
        0.02296996490939686,
        0.2845947954412596,
        0.09164293009371233,
        0.23756384176207251,
        0.23886291018309544,
        0.1873151012811493,
        0.0036897329169538,
        0.08936527572523603,
        0.15433159836512997,
        0.044235459704545614,
        0.00514612186794941
      ],
      "Urgut": [
        0.0763731810928761,
        0.0433938986336998,
        0.039664941347837726,
        0.12399655673111497,
        0.03593755864864856,
        0.2274342748904471,
        0.2930716800759233,
        0.3542988617462939,
        0.1737735672545352,
        0.036246435088945754,
        0.2586174243488866,
        0.13186071157823975
      ]
    },
    "HW-AkKaraDarya": {
      "Oqdaryo": [
        0.6487789300152291,
        0.5751550131192527,
        0.09963282901164866,
        0.6691307237054244,
        0.05661216679608713,
        0.6201992724379505,
        0.5489106388497997,
        0.05175855737116592,
        0.9892750080828706,
        0.5958529603227672,
        0.5955032243623315,
        0.4794630766355377
      ],
      "HW-Damkodzha": [
        0.35122106998477093,
        0.4248449868807474,
        0.9003671709883514,
        0.33086927629457574,
        0.9433878332039128,
        0.3798007275620495,
        0.4510893611502003,
        0.948241442628834,
        0.010724991917129376,
        0.4041470396772328,
        0.40449677563766856,
        0.5205369233644622
      ]
    },
    "HW-Damkodzha": {
      "RES-Kattakurgan": [
        0.2491363280110806,
        0.1654824695768399,
        0.20587459345143927,
        0.33822194155415497,
        0.34350743904106623,
        0.2984458260000379,
        0.25290561149034174,
        0.37836873782653396,
        0.3016371579854621,
        0.2828827249036308,
        0.27687425181393227,
        0.056798822862919256
      ],