{
  "objective_value": 97716212747.12378,
  "reservoir_parameters": {
    "RES-Kattakurgan": {
      "h1": [
        508.26151970858075,
        498.8612418329961,
        498.6167821171873,
        498.7622897557816,
        498.54724116284194,
        510.0013239058605,
        508.9560918036805,
        508.257649645118,
        509.10395065335405,
        501.84369614125484,
        508.41618949249744,
        510.0608087864765
      ],
      "h2": [
        508.89275043618034,
        503.46522912516485,
        504.6667424538488,
        509.8500621921118,
        507.3455747165675,
        510.9081696052455,
        509.9174910918434,
        508.47211012782105,
        510.91911035570416,
        509.32955196569924,
        509.4030547912886,
        510.0748297224393
      ],
      "w": [
        22.869281455060204,
        11.846193425453441,
        13.678549588805462,
        36.955732500312756,
        9.200592069516095,
        99.88367039968064,
        101.47904342802295,
        72.03495538814838,
        120.04646533481203,
        7.9297308611741695,
        76.6243972222758,
        112.97229419612127
      ],
      "m1": [
        1.5346661842793834,
        1.5615137935506216,
        1.5118619961466446,
        1.5392255235815093,
        1.5580207420152024,
        1.5008784164608977,
        1.5289657638372969,
        1.5291816389688149,
        1.5357747573683378,
        1.545304813480903,
        1.470281949455221,
        1.5117208045895112
      ],
      "m2": [
        1.5641490583661768,
        1.512018869847097,
        1.5113631704020327,
        1.4911352031281955,
        1.5353384446415914,
        1.5403414636556882,
        1.5593776061748927,
        1.5690368749660961,
        1.4746796686941392,
        1.5041021534500172,
        1.4735513497276584,
        1.5210248748014672
      ]
    },
    "RES-Akdarya": {
      "h1": [
        491.5799489060904,
        491.07809854228543,
        490.6131542320297,
        490.8535035961035,
        490.3342759042899,
        493.23405395388994,
        488.2733891377727,
        487.9411144663026,
        490.8153332862132,
        485.9927554203673,
        486.3126800258543,
        489.144509893929
      ],
      "h2": [
        491.71704787686195,
        493.1448003996817,
        492.0903620450647,
        493.4627314585506,
        496.0862679555081,
        493.4703399999042,
        492.45664537283164,
        494.3165271123452,
        496.2968949435457,
        489.4911585172167,
        491.33284709342496,
        489.65833344925187
      ],
      "w": [
        13.75474254013584,
        19.615279775210368,
        16.03723496490585,
        36.5852937398072,
        31.318536911692306,
        22.113252287500693,
        32.05440675667983,
        27.17643756380946,
        72.58630089676356,
        43.26377693752385,
        10.05089427346105,
        39.47283708646047
      ],
      "m1": [
        1.487976016555384,
        1.538071617702881,
        1.565781245137258,
        1.5447284792704257,
        1.518587437398889,
        1.5406637002619554,
        1.5025275151655408,
        1.511541657459682,
        1.5026040856898302,
        1.5246262089093898,
        1.562944716442026,
        1.5507735371054772
      ],
      "m2": [
        1.5679906007913738,
        1.510439042443974,
        1.5008428039323878,
        1.4727761941034052,
        1.5210244976022407,
        1.559886566435322,
        1.512508924746398,
        1.4989457131052537,
        1.5631995332819988,
        1.483208647175781,
        1.4885950194557684,
        1.5246538411523058
      ]
    }
  },
  "hydroworks_parameters": {
    "HW-EskiAnkhor": {
      "Pastdargom": [
        0.693472895737794,
        0.9920738002463293,
        0.6196551244912932,
        0.539380409438103,
        0.13758301667066766,
        0.5,
        0.44997946395249294,
        0.4120255722578288,
        0.1674259040617954,
        0.5256269993958133,
        0.42665808904246344,
        0.4855371956402917
      ],
      "Nurobod": [
        0.306527104262206,
        0.007926199753670777,
        0.3803448755087068,
        0.46061959056189705,
        0.8624169833293324,
        0.5,
        0.550020536047507,
        0.5879744277421711,
        0.8325740959382046,
        0.47437300060418675,
        0.5733419109575366,
        0.5144628043597084
      ]
    },
    "HW-Ravadhoza": {
      "HW-AkKaraDarya": [
        0.11945881018106638,
        0.16841957185565715,
        0.2766557568683413,
        0.010771959126572287,
        0.33669055143222065,
        0.42787168849986756,
        0.598343574206345,
        0.5931681687169774,
        0.36770418667279087,
        0.08795545851076757,
        0.25949946150801895,
        0.266362188775469
      ],
      "Bulungur": [
        0.3195235405934114,
        0.1649137614776762,
        0.25122865979165304,
        0.3573249534997823,
        0.18829442344988068,
        0.1263986125417543,
        0.03758246217595484,
        0.019219000092018535,
        0.11532809948861587,
        0.2554454495963607,
        0.019399836690111166,
        0.2752406408063732
      ],
      "Jomboy": [
        0.31325009706469303,
        0.3058274942040808,
        0.18309590827809055,
        0.3432892584820305,
        0.2917201283488557,
        0.01684609445674774,
        0.02760049181495449,
        0.08031902351974421,
        0.11699137943981465,
        0.43131230460217884,
        0.4849909963139053,
        0.2592156273117257
      ],
      "Sink-Jizzakh": [
        0.10831287742283112,
        0.02750583912925253,
        0.05306923683610576,
        0.22790991108293124,
        0.0422516106092101,
        0.1029168371758129,
        0.07621127442307295,
        0.08247566571454665,
        0.0735329154356725,
        0.07780147241456803,
        0.054016721090762033,
        0.027291692662591703
      ],
      "Toyloq": [
        0.053734094113547855,
        0.1287414607226409,
        0.14965348083899543,
        0.043102009156112064,
        0.10199852380079873,
        0.05837395605678423,
        0.014231615886503877,
        0.14217295588334186,
        0.27570024983728764,
        0.054168019058292764,
        0.10596786768014142,
        0.03322913018565813
      ],
      "Urgut": [
        0.08572058062445026,
        0.20459187261069242,
        0.08629695738681395,
        0.0176019086525716,
        0.03904476235903422,
        0.2675928112690332,
        0.24603058149316878,
        0.08264518607337146,
        0.050743169125818444,
        0.09331729581783202,
        0.0761251167170611,
        0.1386607202581823
      ]
    },
    "HW-AkKaraDarya": {
      "Oqdaryo": [
        0.8214035997670751,
        0.4709994173254067,
        0.053804891677921546,
        0.37201003237415237,
        0.12006514311807355,
        0.7426907316136606,
        0.34499755826403666,
        0.07907930190074018,
        0.8133735090720544,
        0.3782352117071613,
        0.4815285042023685,
        0.6649559312713647
      ],
      "HW-Damkodzha": [
        0.17859640023292483,
        0.5290005826745933,
        0.9461951083220784,
        0.6279899676258476,
        0.8799348568819264,
        0.25730926838633933,
        0.6550024417359633,
        0.9209206980992598,
        0.18662649092794564,
        0.6217647882928388,
        0.5184714957976315,
        0.33504406872863535
      ]
    },
    "HW-Damkodzha": {
      "RES-Kattakurgan": [
        0.13918595589244792,
        0.06630047777403453,
        0.3739744963401626,
        0.25235841384898916,
        0.03762057521934713,
        0.250594243138833,
        0.3133365722530824,
        0.2865734509737197,
        0.13635009046007351,
        0.5082640116672484,
        0.20493092465612456,
        0.12837465606564016
      ],