{
  "objective_value": 265597173987.68152,
  "reservoir_parameters": {
    "RES-Kattakurgan": {
      "h1": [
        509.73644147774394,
        502.1744040105852,
        499.3169128434771,
        503.2627458116186,
        505.9245815674362,
        508.7766598966823,
        503.46602799332186,
        501.4564051886719,
        504.2928300861877,
        508.0777161672507,
        508.12796480089224,
        503.15232801876823
      ],
      "h2": [
        510.6224378507306,
        506.312829559094,
        502.90010441776815,
        503.7292521844505,
        509.8992804663658,
        510.1759049805049,
        509.4020587541888,
        511.1335105629132,
        505.9497494597543,
        510.7313082722503,
        509.915031877764,
        505.75032589781955
      ],
      "w": [
        59.98064038035514,
        48.355453144813836,
        48.593847600844164,
        45.61314516020323,
        9.980591955371098,
        21.162471405093587,
        106.83013719682964,
        5.287364284877014,
        68.1186505735776,
        99.24412148652743,
        119.05674548862363,
        104.50616653768775
      ],
      "m1": [
        1.4766096037989749,
        1.5075684731834493,
        1.5371256403255782,
        1.4935563739239053,
        1.5566822900697441,
        1.5481675572040803,
        1.5092558972400807,
        1.5357406322696028,
        1.522760041857367,
        1.5530329566825467,
        1.4814613694442398,
        1.4980801339016199
      ],
      "m2": [
        1.531689268273109,
        1.5105886935677866,
        1.5041893688012964,
        1.5313616939002395,
        1.5539450749525496,
        1.5321987156516839,
        1.5474212245363723,
        1.5009892886551819,
        1.5429912837394295,
        1.5463828058749116,
        1.5588333883181424,
        1.5157471546432175
      ]
    },
    "RES-Akdarya": {
      "h1": [
        488.04769955339344,
        486.17946438107634,
        489.9448738538829,
        489.9848195852032,
        487.49119552915636,
        488.03192101047705,
        489.58915213412206,
        490.84318141249923,
        489.96899290973903,
        488.82915025974756,
        485.5606806625574,
        488.30695681057546
      ],
      "h2": [
        496.1181568627539,
        488.4644365567701,
        493.8593379644191,
        494.41906685625577,
        494.6594262684516,
        490.06646443908204,
        496.22758166340907,
        491.2718416333354,
        495.2451260203038,
        491.5332893295518,
        492.6742850360238,
        496.6179762801045
      ],
      "w": [
        53.97888195628517,
        56.445897519535464,
        3.539780316296266,
        27.0752154132811,
        41.15180768568293,
        58.46844785478641,
        61.9937198561498,
        1.6397632769711201,
        72.68612247558784,
        65.44155746956073,
        34.04509454888894,
        66.29530114421948
      ],
      "m1": [
        1.4921951295781393,
        1.471364227267715,
        1.4803305651837808,
        1.5504853124924443,
        1.5428350958961112,
        1.5315075607063295,
        1.559156992609842,
        1.5647639548716745,
        1.5016296002700737,
        1.5259275852059946,
        1.512578599430743,
        1.5317010624922875
      ],
      "m2": [
        1.569130181755666,
        1.50703898092648,
        1.557044171778257,
        1.5244966734989382,
        1.5018590040887387,
        1.5256158486291387,
        1.5497001615109167,
        1.528614787856181,
        1.5054100054770638,
        1.5018807199703956,
        1.4860759826938295,
        1.565796562215985
      ]
    }
  },
  "hydroworks_parameters": {
    "HW-EskiAnkhor": {
      "Pastdargom": [
        0.5,
        0.5,
        0.5,
        0.5,
        0.5,
        0.5,
        0.5371144593540321,
        0.5562010406364787,
        0.6696051737214469,
        0.9434941386398832,
        0.5744158374791805,
        0.9038259895779686
      ],
      "Nurobod": [
        0.5,
        0.5,
        0.5,
        0.5,
        0.5,
        0.5,
        0.46288554064596793,
        0.4437989593635213,
        0.33039482627855316,
        0.05650586136011676,
        0.4255841625208195,
        0.09617401042203146
      ]
    },
    "HW-Ravadhoza": {
      "HW-AkKaraDarya": [
        0.05448339860880945,
        0.1873210589649247,
        0.2210924122489518,
        0.095273189633747,
        0.12142125170106959,
        0.21130107304881754,
        0.41270866789480587,
        0.3340937100470736,
        0.03699134342716428,
        0.1490236363030252,
        0.34008654763834734,
        0.044250984765290456
      ],
      "Bulungur": [
        0.34551660139119056,
        0.4166901032240829,
        0.21289400356890562,
        0.31466319597875747,
        0.2119120816322638,
        0.12203226028451579,
        0.10855645318762704,
        0.1703241196288367,
        0.2954783664548195,
        0.18430969703030817,
        0.21979692897920075,
        0.20965814814108652
      ],
      "Jomboy": [
        0.39574285173684515,
        0.11994660655452798,
        0.2505600135221728,
        0.3609378250170818,
        0.30585062881973113,
        0.19522131320659433,
        0.0807890455948254,
        0.09574950804385211,
        0.407658017084326,
        0.3249392875661284,
        0.26900173778630954,
        0.3052908549926228
      ],
      "Sink-Jizzakh": [
        0.004257148263154898,
        0.010067180563177158,
        0.05460227602641724,
        0.049240657828226474,
        0.027482704513602255,
        0.13811202012673904,
        0.12741011065431584,
        0.02002211309387248,
        0.011334487841206161,
        0.008394045767204924,
        0.06877461669331153,
        0.013508189557818077
      ],
      "Toyloq": [
        0.09481995271700346,
        0.01990850397134455,
        0.12044138964694755,
        0.0765674280210983,
        0.16295225182262169,
        0.08858082501401708,
        0.09402240434833221,
        0.2351562959446596,
        0.03556439155332372,
        0.11350679394106421,
        0.08500295025879089,
        0.06548978597509708
      ],
      "Urgut": [
        0.10518004728299654,
        0.24606654672194278,
        0.14040990498660513,
        0.10331770352108899,
        0.17038108151071166,
        0.2447525083193162,
        0.1765133183200936,
        0.14465425324170536,
        0.21297339363916037,
        0.21982653939226915,
        0.017337218644040003,
        0.36180203656808513
      ]
    },
    "HW-AkKaraDarya": {
      "Oqdaryo": [
        0.7135560507219073,
        0.9794290560468489,
        0.5841627193188623,
        0.894262763537404,
        0.15313774309069544,
        0.5636637495929577,
        0.3081727498349371,
        0.8492915750255924,
        0.548228325272809,
        0.6583069523252608,
        0.8754089858736975,
        0.5527654104289669
      ],
      "HW-Damkodzha": [
        0.28644394927809275,
        0.02057094395315112,
        0.4158372806811376,
        0.10573723646259604,
        0.8468622569093046,
        0.4363362504070423,
        0.691827250165063,
        0.15070842497440762,
        0.451771674727191,
        0.34169304767473924,
        0.12459101412630243,
        0.4472345895710331
      ]
    },
    "HW-Damkodzha": {
      "RES-Kattakurgan": [
        0.20549935991160323,
        0.03903932875544481,
        0.24491269857266731,
        0.29093351794212613,
        0.14083247905408253,
        0.41848130938481326,
        0.22480384024124103,
        0.3204698351312339,
        0.3218927068988012,
        0.14357651715999628,
        0.1329968727676736,
        0.0031076773826735284
      ],