{
  "objective_value": 353725240.31116146,
  "reservoir_parameters": {
    "Reservoir": {
      "h1": [
        499.42969624279215,
        501.2607299884738,
        503.99848486407654,
        509.6089006202579,
        502.1036976565561,
        506.2528416960141,
        504.79858851829425,
        501.6573545460571,
        503.46912247181234,
        500.2720344456487,
        498.82472368858413,
        507.31388568435335
      ],
      "h2": [
        501.36095888497755,
        507.63549156872574,
        508.33579141675534,
        510.7324557821694,
        508.26873041299774,
        509.9998805753307,
        506.88621645225163,
        511.05417952594377,
        505.1412008227124,
        509.7892088240359,
        507.93071166890013,
        508.508162098935
      ],
      "w": [
        74.9931387106408,
        3.7932158967934626,
        16.921820194063272,
        48.52326809537115,
        14.620393075373208,
        67.4628057162395,
        30.81267456966307,
        72.19043613137158,
        63.69074171663891,
        13.2343359012033,
        20.614684091533135,
        70.45085266793583
      ],
      "m1": [
        1.4864936065047607,
        1.5422080124239215,
        1.4814171876936704,
        1.5461568740334477,
        1.4704010027054195,
        1.551363806596065,
        1.5686542493279683,
        1.474926242724707,
        1.5389054052289757,
        1.5416976804401072,
        1.4770485628725767,
        1.51024400889123
      ],
      "m2": [
        1.5686386126635892,
        1.507587603763233,
        1.535662165751153,
        1.4915249966618989,
        1.4912095039769544,
        1.4874987596724711,
        1.5066828155335112,
        1.5304137455027964,
        1.5258184639902725,
        1.4910472645484807,
        1.5175493323478524,
        1.479695107081821
      ]
    }
  },
  "hydroworks_parameters": {
    "Hydroworks1": {
      "Reservoir": [
        0.5793851621863366,
        0.06210595226651953,
        0.9785717639048805,
        0.4280757491700745,
        0.5051559058160351,
        0.802245406390648,
        0.6024977203065175,
        0.4590799008958035,
        0.5613286382351149,
        0.7223124572461095,
        0.3085123762354663,
        0.9599234667140635
      ],
      "Demand1": [
        0.4206148378136634,
        0.9378940477334805,
        0.021428236095119402,
        0.5719242508299255,
        0.49484409418396486,
        0.19775459360935194,
        0.3975022796934825,
        0.5409200991041965,
        0.4386713617648851,
        0.27768754275389057,
        0.6914876237645337,
        0.04007653328593649
      ]
    },
    "Hydroworks": {
      "Demand1": [
        0.2947730937740342,
        0.6592197374808122,
        0.8405313482946649,
        0.38081065521509994,
        0.13517125136212396,
        0.0865522971792509,
        0.24758638481099587,
        0.7258604409952741,
        0.194412715945192,
        0.4352865357601361,
        0.2209305516562468,
        0.5085698536694374
      ],
      "Demand2": [
        0.7052269062259657,
        0.34078026251918786,
        0.15946865170533506,
        0.6191893447849001,
        0.8648287486378761,
        0.913447702820749,
        0.7524136151890042,
        0.274139559004726,
        0.8055872840548081,
        0.564713464239864,
        0.7790694483437531,
        0.49143014633056264
      ]
    }
  }
}