{
  "objective_value": 4240124344792.6665,
  "reservoir_parameters": {
    "Reservoir": {
      "h1": [
        499.29691606406635,
        502.26452457964007,
        501.38040695177324,
        501.1880315223336,
        501.1736148236597,
        500.47679746465457,
        506.31166796582414,
        501.9181209931496,
        508.6581363617315,
        511.10084595775766,
        499.8969770245823,
        499.2829794026968
      ],
      "h2": [
        502.42585281593625,
        504.5575567888362,
        504.4333961844429,
        509.5173539097074,
        507.1494948531008,
        509.7991389006823,
        511.0620783686614,
        509.490896273059,
        509.02036998470817,
        511.14476445085296,
        503.5778153617794,
        508.05158773643006
      ],
      "w": [
        110.84256940703948,
        14.22806516439405,
        164.66574368626584,
        112.68261423282182,
        228.01379430704927,
        173.02206515824133,
        45.88677242284397,
        108.5042500107262,
        130.8930592118122,
        82.97536749227595,
        113.10701395370637,
        73.5239419413719
      ],
      "m1": [
        1.5385757111122553,
        1.5436126362566658,
        1.5664559813491659,
        1.4970876052589808,
        1.5659137824498792,
        1.4815381368289755,
        1.5671220438713698,
        1.5382501544277754,
        1.5573513935548242,
        1.5650846186040264,
        1.4796392144413473,
        1.5011728336046721
      ],
      "m2": [
        1.534790974241451,
        1.568013660078941,
        1.4776200809123028,
        1.5616350800173,
        1.5205448882846015,
        1.5461286835226726,
        1.5560568972412605,
        1.4924610194601802,
        1.5504218269015682,
        1.4963984571027757,
        1.5577176089348943,
        1.5105284174741807
      ]
    }
  },
  "hydroworks_parameters": {
    "HW-1": {
      "HW-2": [
        0.355698230266172,
        0.24053273964420827,
        0.1672737660099417,
        0.1812801967374874,
        0.01810004196566388,
        0.08923863289927039,
        0.33315457680868776,
        0.3156373690944554,
        0.23327660033216446,
        0.25298774515464784,
        0.3019139608301548,
        0.11263821862156226
      ],
      "Demand-1": [
        0.19644526294466663,
        0.2476364733098257,
        0.16413613589430426,
        0.013028069742599374,
        0.544064712469179,
        0.3635837176910219,
        0.3071094160396302,
        0.20747385275145855,
        0.2629591384833132,
        0.3608449605362866,
        0.27167620272039317,
        0.1142491083606899
      ],
      "Demand-2": [
        0.2557298147787709,
        0.34710396184609515,
        0.585902163441843,
        0.5310043408661378,
        0.38703588994339577,
        0.43797783356105696,
        0.16826379413861772,
        0.2816302533242253,
        0.17704740733527716,
        0.3281893751922763,
        0.30844277556996946,
        0.554716526470688
      ],
      "Reservoir": [
        0.19212669201039057,
        0.16472682519987095,
        0.08268793465391103,
        0.2746873926537755,
        0.050799355621761355,
        0.10919981584865071,
        0.19147221301306439,
        0.1952585248298607,
        0.3267168538492453,
        0.057977919116789206,
        0.11796706087948261,
        0.21839614654705988
      ]
    },
    "HW-2": {
      "Demand-3": [
        0.32216984875775645,
        0.4094644472661298,
        0.028564345215744722,
        0.5642845167073837,
        0.3442791202080448,
        0.11555431439319416,
        0.5065093299785092,
        0.6529397602132719,
        0.39891777400698786,
        0.6104453968387619,
        0.3994932317600556,
        0.41733639455968324
      ],
      "Demand-4": [
        0.5415213431768872,
        0.44969828992081007,
        0.8464365992626876,
        0.40657867427110295,
        0.18914924194834107,
        0.5059954455330504,
        0.4500279799140998,
        0.2566156140388067,
        0.32917177758129074,
        0.28955238331712196,
        0.36393614294212623,
        0.36363450354511156
      ],
      "Sink": [
        0.1363088080653564,
        0.1408372628130602,
        0.1249990555215678,
        0.029136809021513343,
        0.4665716378436142,
        0.3784502400737555,
        0.043462690107390956,
        0.09044462574792136,
        0.2719104484117214,
        0.10000221984411614,
        0.2365706252978182,
        0.21902910189520516
      ]
    }
  }
}