{
  "objective_value": 51785698.17936464,
  "reservoir_parameters": {
    "Reservoir": {
      "h1": [
        502.7342154334212,
        503.7661986950388,
        504.5257674205153,
        502.5908922154869,
        503.2048615011408,
        499.3279328594717,
        504.01104228610967,
        500.53239700386246,
        499.67295953534506,
        499.511821204572,
        502.42305606583835,
        501.5067708856017
      ],
      "h2": [
        509.7482888998085,
        504.8575022751687,
        509.80295293875815,
        506.24084990742875,
        510.59865040120053,
        508.6949274361656,
        509.6022764398339,
        506.1895587584633,
        508.58504991533067,
        510.13116837889316,
        505.2881039434429,
        511.13145367789167
      ],
      "w": [
        32.12523289926861,
        60.37649499542323,
        45.56831032188954,
        23.435638957122293,
        36.12179329370312,
        33.28902259195537,
        55.647252206877404,
        70.88501793800998,
        63.1331047347401,
        67.74912854926873,
        30.577718390894884,
        52.25649089078786
      ],
      "m1": [
        1.4773161512843291,
        1.54618017670307,
        1.4820972218084583,
        1.4739694132265897,
        1.4857427245390211,
        1.4715561270212936,
        1.5481125722459101,
        1.5283497338732355,
        1.5589012081404574,
        1.5662206557376672,
        1.5603776221952792,
        1.5654753653203153
      ],
      "m2": [
        1.5558292019472844,
        1.5002625733325812,
        1.5688435753493821,
        1.5361633710540694,
        1.52769350231573,
        1.5590051403650687,
        1.500332952810085,
        1.5193612303560853,
        1.5540704032957013,
        1.5576119472267898,
        1.563470086056597,
        1.5647026640116135
      ]
    }
  },
  "hydroworks_parameters": {
    "Hydroworks1": {
      "Reservoir": [
        0.8104304119246151,
        0.42755172595123353,
        0.7047957134599915,
        0.8222559046120043,
        0.8107233817182672,
        0.822333565588153,
        0.7438779297035556,
        0.6140126738142657,
        0.6544937524645811,
        0.6130977279422651,
        0.7084537214906589,
        0.7798078544019167
      ],
      "Demand1": [
        0.1895695880753849,
        0.5724482740487665,
        0.29520428654000846,
        0.17774409538799574,
        0.18927661828173273,
        0.17766643441184704,
        0.2561220702964444,
        0.3859873261857342,
        0.345506247535419,
        0.3869022720577348,
        0.2915462785093412,
        0.2201921455980833
      ]
    },
    "Hydroworks": {
      "Demand1": [
        0.3755261727005114,
        0.5316251398653301,
        0.46404651878112346,
        0.5721608272978318,
        0.3668879936907806,
        0.5083422844773584,
        0.5676461810592844,
        0.30674600737747126,
        0.3402482764971005,
        0.47835096235564184,
        0.3111544464540671,
        0.7193734471187511
      ],
      "Demand2": [
        0.6244738272994885,
        0.46837486013466995,
        0.5359534812188765,
        0.42783917270216815,
        0.6331120063092194,
        0.4916577155226417,
        0.43235381894071556,
        0.6932539926225287,
        0.6597517235028996,
        0.5216490376443582,
        0.6888455535459329,
        0.2806265528812489
      ]
    }
  }
}