{
  "objective_value": 1909878745609.4172,
  "reservoir_parameters": {
    "RES-Kattakurgan": {
      "h1": 498.7858917847467,
      "h2": 507.02815391559045,
      "w": 41.16686511570832,
      "m1": 1.5411442069059358,
      "m2": 1.5615965537982714
    },
    "RES-Akdarya": {
      "h1": 490.27384811672914,
      "h2": 494.0356766243674,
      "w": 41.60227123199658,
      "m1": 1.5434950618511531,
      "m2": 1.4797391877417345
    }
  },
  "hydroworks_parameters": {
    "HW-PC22": {
      "Bulungur": 0.3649867381657993,
      "Jomboy": 0.3951941238318537,
      "Jizzakh": 0.23981913800234705
    }
  }
}