{
  "objective_value": 99622276.44356959,
  "reservoir_parameters": {
    "Reservoir": {
      "h1": [
        505.98697715120545,
        504.0919401547826,
        502.67946590529493,
        504.54281605889014,
        499.268387048356,
        506.19512974371054,
        500.2081076838632,
        502.2458108453635,
        500.55937794187093,
        499.888666123885,
        502.6481607737552,
        499.5012435357426
      ],
      "h2": [
        507.5724552060177,
        507.018666738101,
        510.0711269641276,
        509.93176003859384,
        510.54636093992855,
        509.2626229416961,
        506.6427308693047,
        506.1123307472649,
        505.51502007944987,
        507.6898797367984,
        510.40222974016933,
        499.79332789806347
      ],
      "w": [
        78.95235882011983,
        9.63542273135035,
        10.984033811678993,
        25.26540550437374,
        2.6589669260302617,
        77.90524816904673,
        35.984715860691196,
        64.6787506045862,
        75.14205644714427,
        60.53009925666544,
        17.866975047904347,
        36.97855473747132
      ],
      "m1": [
        1.5345570829507242,
        1.568231604188236,
        1.492009586115471,
        1.4708553699634792,
        1.5109337478368179,
        1.520072248185384,
        1.538572291023214,
        1.559905428371111,
        1.5361875544314532,
        1.542077552453515,
        1.5092100010406981,
        1.4839913198136443
      ],
      "m2": [
        1.5274615438132764,
        1.5297516490377623,
        1.4991861911283326,
        1.5425011561487416,
        1.5517690598910323,
        1.4908010966260816,
        1.5008519061542331,
        1.511943704353226,
        1.493786911629152,
        1.4832628352490358,
        1.5490555316378465,
        1.4811228732404453
      ]
    }
  },
  "hydroworks_parameters": {
    "Hydroworks1": {
      "Reservoir": [
        0.6715864297606815,
        0.8313750385558082,
        0.8028371455208196,
        0.9099590780017217,
        0.5785778452021966,
        0.5091716619849527,
        0.2562862246941235,
        0.12939564997921515,
        0.31217051266647555,
        0.44407393235439324,
        0.05277244281613838,
        0.3605909837125318
      ],
      "Demand1": [
        0.32841357023931855,
        0.16862496144419192,
        0.1971628544791803,
        0.09004092199827832,
        0.42142215479780337,
        0.4908283380150474,
        0.7437137753058765,
        0.8706043500207848,
        0.6878294873335244,
        0.5559260676456067,
        0.9472275571838616,
        0.6394090162874682
      ]
    },
    "Hydroworks": {
      "Demand1": [
        0.30254854254216124,
        0.7236515289448541,
        0.811074705264123,
        0.49411323780389566,
        0.8774977034181279,
        0.4733607996323329,
        0.32966198616359266,
        0.30176755158637736,
        0.12670003188320392,
        0.644505284265973,
        0.5566654033765239,
        0.6861071074455886
      ],
      "Demand2": [
        0.6974514574578388,
        0.27634847105514593,
        0.188925294735877,
        0.5058867621961043,
        0.12250229658187213,
        0.5266392003676671,
        0.6703380138364075,
        0.6982324484136226,
        0.873299968116796,
        0.3554947157340271,
        0.4433345966234762,
        0.3138928925544115
      ]
    }
  }
}