{
  "objective_value": 1911917116659.3445,
  "reservoir_parameters": {
    "RES-Kattakurgan": {
      "h1": 500.32806555110614,
      "h2": 506.57309600506824,
      "w": 58.065735023111486,
      "m1": 1.5631971358874532,
      "m2": 1.499945352726835
    },
    "RES-Akdarya": {
      "h1": 488.39425384059246,
      "h2": 496.3631794725178,
      "w": 35.47197671570422,
      "m1": 1.551522329320631,
      "m2": 1.5494134530098105
    }
  },
  "hydroworks_parameters": {
    "HW-PC22": {
      "Bulungur": 0.26245120080439255,
      "Jomboy": 0.43830594843427184,
      "Jizzakh": 0.2992428507613356
    }
  }
}