{
  "objective_value": 1701508856239.212,
  "reservoir_parameters": {
    "RES-Kattakurgan": {
      "h1": [
        500.13385962631287,
        506.6304077540245,
        509.2861880331906,
        508.15705287663394,
        509.0195331702039,
        507.4797714381621,
        498.59587422428876,
        509.2524328313365,
        501.4137124022891,
        502.6629187883278,
        499.45475433488474,
        502.8271812860773
      ],
      "h2": [
        501.1965853927745,
        507.31861551029215,
        510.37318501824666,
        508.7655027492494,
        510.6984596271116,
        509.57415981533836,
        502.62520142538114,
        511.0478033674637,
        502.06836886931205,
        507.92856299076806,
        507.4255697005336,
        506.32671134540556
      ],
      "w": [
        111.63044861764223,
        96.56558015396762,
        11.744742743497156,
        4.734527900366589,
        85.73851220620607,
        63.59415838001142,
        33.15112996079671,
        48.19197618642129,
        107.34843611307441,
        61.84553038515529,
        60.03206946859943,
        101.92546665011817
      ],
      "m1": [
        1.5035695633431347,
        1.5404749637381958,
        1.5667000445095574,
        1.5451308858988104,
        1.495206258230138,
        1.54007813958041,
        1.5438093214431998,
        1.549880260155619,
        1.4780126299111789,
        1.557560184007892,
        1.5282595764103026,
        1.566452603319296
      ],
      "m2": [
        1.4919894100537097,
        1.5345006290303458,
        1.5002811070551225,
        1.5124021445041715,
        1.530401002503142,
        1.515885091500318,
        1.4750090653512589,
        1.4825809009150661,
        1.5354561710121222,
        1.5180105983208612,
        1.541133515800494,
        1.5084623115136102
      ]
    },
    "RES-Akdarya": {
      "h1": [
        485.5632824395186,
        485.4763057347673,
        493.4530534483273,
        493.4778948938546,
        491.4903796892797,
        492.7265376609241,
        487.582919129093,
        488.35959148132565,
        489.6528073163927,
        492.06269405192984,
        491.72013126576434,
        493.58803023562064
      ],
      "h2": [
        491.0435177439011,
        494.313992689357,
        494.5249502420785,
        493.6603842762061,
        496.2840359283139,
        495.2233243181443,
        489.3357365882366,
        495.0966700515441,
        490.75747566651603,
        493.64627069270426,
        491.7457052201913,
        495.1322838727731
      ],
      "w": [
        67.87642650697674,
        87.1349937162394,
        13.013844475520065,
        31.043489605509954,
        38.829313371785524,
        94.5339199626575,
        54.206350203629974,
        73.54580723581343,
        31.798705603562627,
        57.07538403901394,
        38.68044204491043,
        84.04160537815564
      ],
      "m1": [
        1.4838185421117,
        1.5381683701804425,
        1.4843384252379164,
        1.5422733469556855,
        1.4837266503429838,
        1.548752108059355,
        1.5249100521593868,
        1.504686901968627,
        1.5049373533457904,
        1.5692679905132734,
        1.537861230037473,
        1.4812342744275437
      ],
      "m2": [
        1.5359432291589912,
        1.5277580729644673,
        1.5201891070188942,
        1.4893022436467251,
        1.4996167811565806,
        1.5659186337096167,
        1.5692251050536317,
        1.4938008295372358,
        1.53107047817342,
        1.5453601030295885,
        1.5169305284196646,
        1.5128948034089909
      ]
    }
  },
  "hydroworks_parameters": {
    "HW-EskiAnkhor": {
      "Pastdargom": [
        0.8658878768547927,
        0.5,
        0.8473804374838353,
        0.5,
        0.5875938654074987,
        0.6987995141547902,
        0.7869670983554288,
        0.20655041615536254,
        0.4288764962810495,
        0.9023911835857776,
        0.7482430123291726,
        0.34756334017877877
      ],
      "Nurobod": [
        0.1341121231452073,
        0.5,
        0.1526195625161647,
        0.5,
        0.4124061345925013,
        0.3012004858452097,
        0.2130329016445712,
        0.7934495838446375,
        0.5711235037189505,
        0.09760881641422231,
        0.2517569876708275,
        0.6524366598212212
      ]
    },
    "HW-Ravatkhoza": {
      "HW-AkKaraDarya": [
        0.043519475703861527,
        0.1502072437758951,
        0.07441313650308559,
        0.15655279776917483,
        0.2324152662146556,
        0.27233962518811966,
        0.08442719587082728,
        0.1702545287217169,
        0.3663374894503065,
        0.13660686238304298,
        0.22747884648292943,
        0.23707900143995492
      ],
      "Bulungur": [
        0.2586494443447275,
        0.13824376301085098,
        0.06215888869748892,
        0.17678053556415851,
        0.3478382938021906,
        0.18219878409255333,
        0.16952379135869605,
        0.22705853281044439,
        0.08151819429794514,
        0.2664991896628684,
        0.013686153906006016,
        0.08199866133395062
      ],
      "Jomboy": [
        0.19668770619253356,
        0.20938193290919668,
        0.20719985232296462,
        0.15889117765320224,
        0.01312482571823728,
        0.08229554356006469,
        0.16444057114641106,
        0.2601489853675995,
        0.20247694368692964,
        0.24511397315732905,
        0.2941219497844518,
        0.23887661639303837
      ],
      "Sink-Jizzakh": [
        0.1092369654181851,
        0.11792839121190107,
        0.29261558307185453,
        0.1744421556801311,
        0.006581633821658623,
        0.010663849927498479,
        0.09691921885480806,
        0.11718432556104837,
        0.07154839815580899,
        0.03681943546023747,
        0.029991982603313216,
        0.003701176167513834
      ],
      "Toyloq": [
        0.13074745572610919,
        0.14550625879752668,
        0.04185029465910744,
        0.17851333654954568,
        0.11943251165726458,
        0.2600636338682202,
        0.249649416789407,
        0.17477466732955516,
        0.10731773754225005,
        0.12478716305520172,
        0.1541234596423183,
        0.20133671513901202
      ],
      "Urgut": [
        0.2611589526145832,
        0.2387324102946295,
        0.32176224474549886,
        0.15481999678378763,
        0.28060746878599335,
        0.1924385633635438,
        0.2350398059798505,
        0.05057896020963571,
        0.1708012368667597,
        0.1901733762813203,
        0.2805976075809813,
        0.2370078295265302
      ]
    },
    "HW-AkKaraDarya": {
      "Oqdaryo": [
        0.2657118714437239,
        0.7939633472310259,
        0.4427353928330567,
        0.5793709303024448,
        0.6555457887000511,
        0.2995724617889492,
        0.4098992037564984,
        0.7102305863693906,
        0.4836737236545398,
        0.7898738670813119,
        0.2509927978521566,
        0.8893509675533865
      ],
      "HW-Damkhoza": [
        0.7342881285562761,
        0.20603665276897407,
        0.5572646071669434,
        0.4206290696975552,
        0.3444542112999489,
        0.7004275382110509,
        0.5901007962435015,
        0.2897694136306094,
        0.5163262763454601,
        0.21012613291868804,
        0.7490072021478434,
        0.11064903244661353
      ]
    },
    "HW-Damkhoza": {
      "RES-Kattakurgan": [
        0.017406924608866284,
        0.0257806776823945,
        0.06902383331559907,
        0.2471069626500507,
        0.2921525235485505,
        0.09934302311821108,
        0.28252001361383783,
        0.18396542058802906,
        0.6879803003578673,
        0.004738100255472955,
        0.10524807341278453,
        0.056038566658532546
      ],