{
  "objective_value": 35933173144.100555,
  "reservoir_parameters": {
    "RES-Kattakurgan": {
      "h1": [
        505.09236041948213,
        501.2280275023265,
        499.1741681658541,
        499.8893393540137,
        500.7071518168694,
        508.5820196950091,
        508.1904035146593,
        509.826875057738,
        506.99026370764506,
        504.3250292204894,
        508.88464774372136,
        504.056147904353
      ],
      "h2": [
        509.8740357284918,
        507.6270045313611,
        507.4661412533203,
        501.43538118979257,
        507.03345476185024,
        508.6849500907304,
        509.19366747576925,
        510.30473354292684,
        508.4500571919578,
        505.4028135352279,
        509.00775419640036,
        509.06994825214935
      ],
      "w": [
        40.26882849289532,
        85.93387547185145,
        45.674194906161425,
        54.79540722713594,
        50.43959924349774,
        6.846141626685897,
        85.32075465193674,
        103.63698045967334,
        8.87363572958809,
        117.59650910923342,
        2.1403209598664095,
        113.23050880655865
      ],
      "m1": [
        1.4875185712043166,
        1.5066114922514233,
        1.512706085695326,
        1.515296850898606,
        1.547663797146497,
        1.5663740945666347,
        1.5261970223234484,
        1.4900558110618867,
        1.5356106930476843,
        1.4926252851114328,
        1.5359755240822346,
        1.4769705080535231
      ],
      "m2": [
        1.491379453353131,
        1.5086546333296729,
        1.5448490598427058,
        1.4757281764912338,
        1.545483709046999,
        1.4830269858959728,
        1.4939173532062209,
        1.5579979216902828,
        1.4769916390647,
        1.5452788324024538,
        1.515653607296213,
        1.4862852414696632
      ]
    },
    "RES-Akdarya": {
      "h1": [
        485.76259794324125,
        488.9722930262571,
        492.57308343055513,
        486.886860048593,
        489.62523702480235,
        491.2042501718494,
        487.24800914432205,
        487.3310088165736,
        487.41506452582104,
        486.65050930892863,
        485.62985781817076,
        487.1717000680297
      ],
      "h2": [
        495.92279692749406,
        493.71995497809655,
        496.29857138346887,
        494.8472273645603,
        490.4892143161875,
        492.8169386213315,
        487.8337440753539,
        487.71103947191114,
        495.80356839947245,
        487.23860793130723,
        488.8962482293389,
        488.5196333835046
      ],
      "w": [
        50.935204349186435,
        19.892559680416593,
        61.38082405856941,
        76.09055163769719,
        65.83952572489191,
        57.19010220004337,
        72.51946623442025,
        19.742851558834367,
        62.834456221772186,
        73.19168234374766,
        18.90765767208923,
        69.92386199798344
      ],
      "m1": [
        1.4991011071494553,
        1.5491542176246273,
        1.5108048165756678,
        1.5664422713383659,
        1.506117436645696,
        1.5673642608154152,
        1.486913724907291,
        1.5247367944090453,
        1.5681474924538803,
        1.4825815721509863,
        1.5188848328437352,
        1.5649048929693277
      ],
      "m2": [
        1.5577568336388457,
        1.551789856336043,
        1.5148796794725872,
        1.5363851146527099,
        1.5378661969962,
        1.5022438707005696,
        1.564217215628517,
        1.5692078336467545,
        1.4724193838964064,
        1.553091294961963,
        1.5017718104678857,
        1.4839345985344965
      ]
    }
  },
  "hydroworks_parameters": {
    "HW-EskiAnkhor": {
      "Pastdargom": [
        0.9856629467320709,
        0.761099421140806,
        0.5331471211211004,
        0.25180659135838673,
        0.37597558763867217,
        0.6685139930873045,
        0.6394218652136839,
        0.4135082842259144,
        0.19012476191459043,
        0.19425140071922367,
        0.6484849366071211,
        0.5810471137222638
      ],
      "Nurobod": [
        0.01433705326792914,
        0.23890057885919397,
        0.4668528788788996,
        0.7481934086416132,
        0.6240244123613278,
        0.3314860069126955,
        0.360578134786316,
        0.5864917157740857,
        0.8098752380854095,
        0.8057485992807764,
        0.35151506339287897,
        0.4189528862777362
      ]
    },
    "HW-Ravadhoza": {
      "HW-AkKaraDarya": [
        0.309191595727356,
        0.06903376932738506,
        0.215546376895076,
        0.023270817180640387,
        0.5027575349416914,
        0.34724648793712043,
        0.4135881770027377,
        0.4684614107769825,
        0.5482827890652257,
        0.0047928242201814054,
        0.058326436438656426,
        0.04220882961853002
      ],
      "Bulungur": [
        0.024141737605977345,
        0.2642995640059483,
        0.26913864552147787,
        0.2793501031188623,
        0.08243726096319952,
        0.05097644571082768,
        0.08844333387133836,
        0.04389724488643206,
        0.06871347608159749,
        0.3285405091131519,
        0.30871381524279434,
        0.29112450371480336
      ],
      "Jomboy": [
        0.2804596474616059,
        0.284526479543359,
        0.08798385743181775,
        0.5168918821700795,
        0.00647784182709858,
        0.1573919308190025,
        0.013307334190095811,
        0.07852906756820771,
        0.12691094285123292,
        0.2861698440402415,
        0.09881736154126537,
        0.3119034707032905
      ],
      "Sink-Jizzakh": [
        0.052873685871727444,
        0.04880685378997435,
        0.050323796398390706,
        0.019629095513665644,
        0.05520003824783084,
        0.04105716514001274,
        0.07588509727821563,
        0.050712950403528564,
        0.058049585854452426,
        0.04716348929309185,
        0.0761424501830305,
        0.021429862630042866
      ],
      "Toyloq": [
        0.1345985733593027,
        0.18639551895577758,
        0.13800924484577856,
        0.1343364099012686,
        0.32273881137685223,
        0.09181822074111595,
        0.07217739776101907,
        0.02329701233567643,
        0.062483362269882006,
        0.008759575813637368,
        0.34204905639227295,
        0.16983591230838418
      ],
      "Urgut": [
        0.19873475997403067,
        0.1469378143775558,
        0.23899807890745917,
        0.02652169211548353,
        0.030388512643327526,
        0.31150974965192085,
        0.3365986598965935,
        0.33510231402917273,
        0.13555984387760944,
        0.32457375751969597,
        0.11595088020198042,
        0.16349742102494919
      ]
    },
    "HW-AkKaraDarya": {
      "Oqdaryo": [
        0.7306772917301456,
        0.6496149629615267,
        0.6187616583989801,
        0.20256457959839705,
        0.9525914733707034,
        0.6698608767240283,
        0.468803888149747,
        0.6235803000327231,
        0.7036500625569934,
        0.9887195068715282,
        0.7184500116211335,
        0.8316660420197315
      ],
      "HW-Damkodzha": [
        0.2693227082698544,
        0.35038503703847335,
        0.3812383416010198,
        0.797435420401603,
        0.04740852662929661,
        0.3301391232759718,
        0.5311961118502531,
        0.37641969996727687,
        0.29634993744300664,
        0.011280493128471838,
        0.2815499883788664,
        0.1683339579802685
      ]
    },
    "HW-Damkodzha": {
      "RES-Kattakurgan": [
        0.0667480054365667,
        0.04810700031924663,
        0.0996999749081909,
        0.07820443138115385,
        0.16044694446029018,
        0.3712526656070156,
        0.4252444014445206,
        0.6137083395536376,
        0.3750521724010848,
        0.15282204758077306,
        0.32293569228895064,
        0.31075963851034233
      ],