{
  "objective_value": 985984080965.2678,
  "reservoir_parameters": {
    "RES-Kattakurgan": {
      "h1": [
        502.65639139881307,
        503.1729626709523,
        499.41746080299697,
        504.6907775621075,
        500.5978994000285,
        504.0171106819903,
        500.3955816675521,
        500.8645953990166,
        498.86874663055653,
        503.62894242584264,
        498.96127409113393,
        503.7070491054718
      ],
      "h2": [
        508.1787835356155,
        510.36929813590524,
        510.00084741363554,
        505.5260824897891,
        505.1465458783091,
        508.8428419143704,
        506.68660807059007,
        509.1539959935459,
        504.9434377971262,
        510.858363745422,
        508.0428524509097,
        507.00673934397105
      ],
      "w": [
        15.272675800301519,
        25.201785188943035,
        7.310044310704048,
        14.915170675920832,
        12.61235009443717,
        18.280642014693072,
        9.060871944314163,
        32.588624169323424,
        56.79906430327942,
        42.49775931884919,
        62.88995755192009,
        61.55028046189548
      ],
      "m1": [
        1.5570828700747736,
        1.5134354489135882,
        1.5087746783052627,
        1.532977449452324,
        1.5197903357240503,
        1.5434327316611338,
        1.5069042430284196,
        1.5175450670129234,
        1.492666832281823,
        1.533367358820426,
        1.5635454163581897,
        1.5152630162447582
      ],
      "m2": [
        1.5558323428062135,
        1.5679953961332003,
        1.534138901341852,
        1.5043401509976442,
        1.5261473127038303,
        1.5431468407290772,
        1.4836849858098846,
        1.5675653946739632,
        1.4901703850367163,
        1.4781753417405556,
        1.565563946881076,
        1.4888255139282465
      ]
    },
    "RES-Akdarya": {
      "h1": [
        487.56580765818427,
        488.12360594400917,
        487.03616476569437,
        486.05558300267177,
        486.58049124577116,
        485.7873541584651,
        488.528981849891,
        487.64606121132005,
        489.6806209691014,
        487.5421840908207,
        486.1972636138986,
        489.3279318165572
      ],
      "h2": [
        495.55172237324973,
        494.06163694272396,
        495.5222113562122,
        495.7934162799005,
        491.0395307142071,
        493.05223354400636,
        491.57299278788173,
        494.9553028268987,
        496.4572484569988,
        494.7032482827402,
        492.4530631618314,
        495.06991753004286
      ],
      "w": [
        50.75403546533484,
        37.0896599181068,
        5.661140992224064,
        35.46026017839873,
        31.796683777868395,
        34.9206321787227,
        26.61121348218467,
        25.890040740065796,
        7.070438609970403,
        7.151674302373062,
        24.02140995762347,
        24.937890281347034
      ],
      "m1": [
        1.5021415994641294,
        1.5200831302917561,
        1.5395967076144654,
        1.525620104097891,
        1.557248821281924,
        1.489088600384119,
        1.5294004921355544,
        1.4751822272428878,
        1.5066891920687193,
        1.5605115358609203,
        1.545267303498716,
        1.5556096928612222
      ],
      "m2": [
        1.5186012975677134,
        1.5435984486325318,
        1.5411655948605125,
        1.533183969810088,
        1.5454442921909781,
        1.5433837464228923,
        1.4823779157381876,
        1.5495228729454706,
        1.480335684421647,
        1.5611531050052496,
        1.4817803541479948,
        1.5306707288506014
      ]
    }
  },
  "hydroworks_parameters": {
    "HW-PC22": {
      "Bulungur": [
        0.44872178897703063,
        0.017088385582876058,
        0.5774861478664494,
        0.06367384904044587,
        0.31892074037527357,
        0.13639297179440676,
        0.5939148936442212,
        0.49680469077678885,
        0.3331548688365962,
        0.13171731929639025,
        0.5847715312037244,
        0.18406076877418076
      ],
      "Jomboy": [
        0.4941283894376417,
        0.20176600920148738,
        0.2534699783866639,
        0.48950944915606937,
        0.5575240395523287,
        0.19616628653696813,
        0.32977510014297845,
        0.336566342744817,
        0.5234466083574328,
        0.7331434023266644,
        0.13366955338014042,
        0.2662837030865178
      ],
      "Jizzakh": [
        0.05714982158532766,
        0.7811456052156366,
        0.16904387374688676,
        0.4468167018034847,
        0.12355522007239778,
        0.6674407416686251,
        0.07631000621280036,
        0.16662896647839412,
        0.14339852280597098,
        0.1351392783769453,
        0.28155891541613526,
        0.5496555281393015
      ]
    },
    "HW-EskiAnkhor": {
      "Pastdargom": [
        0.4142457061191517,
        0.6878485350646317,
        0.7839260939233059,
        0.25470139910349093,
        0.23037904634937179,
        0.5388192492958191,
        0.5143329984411802,
        0.7549485858516527,
        0.07772918188520034,
        0.6748877517305923,
        0.6902524914628985,
        0.38841341108563243
      ],
      "Nurobod": [
        0.5857542938808482,
        0.3121514649353682,
        0.21607390607669413,
        0.745298600896509,
        0.7696209536506282,
        0.4611807507041809,
        0.48566700155881987,
        0.24505141414834722,
        0.9222708181147997,
        0.32511224826940777,
        0.3097475085371016,
        0.6115865889143676
      ]
    },
    "HW-Ravadhoza": {
      "HW-AkKaraDarya": [
        0.07817953814535407,
        0.3762756559696937,
        0.4615497003606243,
        0.4699836312217935,
        0.2460323424816666,
        0.35931614239939974,
        0.31981020260979665,
        0.2156736080002006,
        0.009732345834248441,
        0.303811773491657,
        0.4479227994384811,
        0.1645419453967215
      ],
      "HW-PC22": [
        0.5161658528511472,
        0.018409948388048287,
        0.25686702232958214,
        0.06264026907269116,
        0.3491310791324294,
        0.16999202947568307,
        0.3359778050359194,
        0.4378236059133764,
        0.4052179190152806,
        0.10288443213748882,
        0.13714752051409534,
        0.48337538341635894
      ],
      "Toyloq": [
        0.2320658971629723,
        0.24991937322117377,
        0.19172522709671402,
        0.08349856797718293,
        0.17342881191132153,
        0.01603852867159041,
        0.29867541135173686,
        0.1289129609981668,
        0.19752299238200344,
        0.11682552029310546,
        0.27229470782958803,
        0.13751624867572088
      ],
      "Urgut": [
        0.17358871184052646,
        0.3553950224210842,
        0.08985805021307953,
        0.38387753172833244,
        0.23140776647458244,
        0.45465329945332683,
        0.045536581002547115,
        0.21758982508825622,
        0.3875267427684675,
        0.4764782740777488,
        0.1426349722178355,
        0.2145664225111987
      ]
    },
    "HW-AkKaraDarya": {
      "Oqdaryo": [
        0.14476599455476424,
        0.8111813601470391,
        0.16496567973808718,
        0.07900723602915714,
        0.6034777956118214,
        0.9872942499924584,
        0.48068573493871425,
        0.5357646286425789,
        0.8024998221818281,
        0.5613353500924274,
        0.6140145408390405,
        0.8390445730872039
      ],
      "HW-Damkodzha": [
        0.8552340054452356,
        0.18881863985296088,
        0.8350343202619127,
        0.9209927639708428,
        0.3965222043881786,
        0.012705750007541592,
        0.5193142650612858,
        0.4642353713574211,
        0.1975001778181719,
        0.43866464990757253,
        0.3859854591609595,
        0.1609554269127961
      ]
    },