{
  "objective_value": 305690927542.218,
  "reservoir_parameters": {
    "RES-Kattakurgan": {
      "h1": 502.4026853204814,
      "h2": 508.90433039204055,
      "w": 14.828069925839221,
      "m1": 1.502672499136281,
      "m2": 1.478114879470592
    },
    "RES-Akdarya": {
      "h1": 487.00914734682004,
      "h2": 487.57263987204504,
      "w": 24.4440701341691,
      "m1": 1.4772103670451575,
      "m2": 1.4775561145913745
    }
  },
  "hydroworks_parameters": {
    "HW-PC22": {
      "Bulungur": 0.2849324622538565,
      "Jomboy": 0.37978177176415984,
      "Jizzakh": 0.33528576598198373
    },
    "HW-EskiAnkhor": {
      "Pastdargom": 0.7552967676106261,
      "Nurobod": 0.24470323238937391
    },
    "HW-Ravadhoza": {
      "HW-AkKaraDarya": 0.5038245938969296,
      "HW-PC22": 0.0014742185395330832,
      "Toyloq": 0.21288884465041413,
      "Urgut": 0.28181234291312324
    },
    "HW-AkKaraDarya": {
      "Oqdaryo": 0.22309704272717848,
      "HW-Damkodzha": 0.7769029572728215
    },
    "HW-Damkodzha": {
      "RES-Kattakurgan": 0.24383569949317296,
      "HW-Narpay": 0.30895211150806806,
      "HW-Confluence": 0.21024460426115393,
      "Kattaqorgon": 0.2369675847376051
    },
    "HW-Narpay": {
      "HW-Confluence": 0.5551459824874851,
      "Narpay": 0.15111137039566772,
      "Kattaqorgon": 0.2937426471168471
    },
    "HW-Confluence": {
      "HW-Karmana": 1.0
    },
    "HW-Karmana": {
      "Navbahor": 0.09687076456902732,
      "Sink-Navoi": 0.2990002467905607,
      "Navoi-Powerplant": 0.604128988640412
    }
  }
}