{
  "objective_value": 113675083751.52107,
  "reservoir_parameters": {
    "RES-Kattakurgan": {
      "h1": 498.8187567749127,
      "h2": 510.82198478567165,
      "w": 29.743331171752445,
      "m1": 1.5622452473775843,
      "m2": 1.5065613505488233
    },
    "RES-Akdarya": {
      "h1": 488.09693580245994,
      "h2": 495.0602721099808,
      "w": 5.960196466940326,
      "m1": 1.508389991038838,
      "m2": 1.5378616245671384
    }
  },
  "hydroworks_parameters": {
    "HW-EskiAnkhor": {
      "Pastdargom": 0.4925431527164155,
      "Nurobod": 0.5074568472835845
    },
    "HW-Ravadhoza": {
      "HW-AkKaraDarya": 0.4615490819032532,
      "Bulungur": 0.09833946565519897,
      "Jomboy": 0.018684177253254493,
      "Sink-Jizzakh": 0.052822375128340086,
      "Toyloq": 0.06168852445947786,
      "Urgut": 0.3069163756004755
    },
    "HW-AkKaraDarya": {
      "Oqdaryo": 0.2005152052134448,
      "HW-Damkodzha": 0.7994847947865552
    },
    "HW-Damkodzha": {
      "RES-Kattakurgan": 0.49669799872923653,
      "HW-Narpay": 0.1419723587143737,
      "HW-Confluence": 0.07512186641706696,
      "Kattaqorgon": 0.28620777613932286
    },
    "HW-Narpay": {
      "HW-Confluence": 0.9736170485186528,
      "Narpay": 0.026382951481347144
    },
    "HW-Confluence": {
      "HW-Karmana": 1.0
    },
    "HW-Karmana": {
      "Navbahor": 0.10864003221093026,
      "Sink-Navoi": 0.2475947415368199,
      "Navoi-Powerplant": 0.6437652262522499
    }
  }
}