{
  "objective_value": 2466338502178.5513,
  "reservoir_parameters": {
    "RES-Kattakurgan": {
      "h1": 499.0836528327929,
      "h2": 509.6484707124741,
      "w": 68.3911410736141,
      "m1": 1.4992447227133554,
      "m2": 1.4919835596534872
    },
    "RES-Akdarya": {
      "h1": 485.7385572952766,
      "h2": 492.08541940822954,
      "w": 40.9518810359263,
      "m1": 1.5515992265148115,
      "m2": 1.5534198754657702
    }
  },
  "hydroworks_parameters": {
    "HW-EskiAnkhor": {
      "Pastdargom": [
        0.43653965734349026,
        0.6975833584379071,
        0.4261121310340189,
        0.9889625908396449,
        0.5537553535237382,
        0.4735166861785707,
        0.8620840710981227,
        0.6118240639112925,
        0.4751974772882779,
        0.6531198444659401,
        0.2652476306432949,
        0.2573927638176495
      ],
      "Nurobod": [
        0.5634603426565097,
        0.30241664156209286,
        0.5738878689659812,
        0.011037409160355133,
        0.4462446464762619,
        0.5264833138214294,
        0.13791592890187734,
        0.38817593608870754,
        0.5248025227117221,
        0.34688015553406,
        0.7347523693567052,
        0.7426072361823505
      ]
    },
    "HW-Ravadhoza": {
      "HW-AkKaraDarya": [
        0.1592661980664197,
        0.2974116677711501,
        0.23768317192273622,
        0.1405852988319143,
        0.32405613137217376,
        0.3070618247319153,
        0.18981881596385278,
        0.1254238140633941,
        0.2032154657846692,
        0.16879866089711085,
        0.23019573426647968,
        0.2957395202723893
      ],
      "Bulungur": [
        0.05175527893583752,
        0.06703934401798477,
        0.29052439787281287,
        0.013458409499776938,
        0.2022260614619049,
        0.04046260245810378,
        0.21601727077741786,
        0.14738964494842294,
        0.25483944528395897,
        0.2667371906610495,
        0.08253439578806998,
        0.41251074696911705
      ],
      "Jomboy": [
        0.2572547467961676,
        0.15901951453076332,
        0.09330808123432839,
        0.26507211525981683,
        0.06038941832441816,
        0.11373518151360229,
        0.1557786970510466,
        0.21177072693964283,
        0.0736555476803079,
        0.19981750488266492,
        0.2232132604325539,
        0.0057482651555512505
      ],
      "Sink-Jizzakh": [
        0.028805260090433583,
        0.2857391283971661,
        0.06377901023743997,
        0.012333975113779103,
        0.20849517210181132,
        0.2128010546300964,
        0.16419895843727608,
        0.20554992596684601,
        0.15007274190111342,
        0.0581737458689482,
        0.07664568409392364,
        0.071571930599921
      ],
      "Toyloq": [
        0.2655202924524622,
        0.060743454760517145,
        0.17911671730093437,
        0.2759014687020312,
        0.04173304881313583,
        0.09904671030159615,
        0.1353952068378039,
        0.15649901377096195,
        0.2019401941892258,
        0.05530428089726872,
        0.24919219811628912,
        0.09209038815600362
      ],
      "Urgut": [
        0.23739822365867932,
        0.1300468905224186,
        0.1355886214317482,
        0.29264873259268176,
        0.1631001679265562,
        0.226892626364686,
        0.13879105093260277,
        0.15336687431073212,
        0.11627660516072483,
        0.2511686167929578,
        0.13821872730268384,
        0.12233914884701787
      ]
    },
    "HW-AkKaraDarya": {
      "Oqdaryo": [
        0.6255312294828238,
        0.5279719533129669,
        0.85262127602145,
        0.42236663360721277,
        0.5124437714092116,
        0.28654932110077735,
        0.7839668651126429,
        0.3767315821051023,
        0.5345534723545142,
        0.7330907867072973,
        0.777153890488235,
        0.3524420987706253
      ],
      "HW-Damkodzha": [
        0.37446877051717625,
        0.47202804668703324,
        0.14737872397854998,
        0.5776333663927872,
        0.48755622859078845,
        0.7134506788992226,
        0.21603313488735706,
        0.6232684178948977,
        0.46544652764548583,
        0.26690921329270273,
        0.22284610951176503,
        0.6475579012293747
      ]
    },
    "HW-Damkodzha": {
      "RES-Kattakurgan": [
        0.3562522206938734,
        0.12672111451237617,
        0.2445052123238203,
        0.018066121681363283,
        0.44641902011390217,
        0.2212748452075944,
        0.5693857846707711,
        0.3314860999349749,
        0.27698826443277386,
        0.1160291014228429,
        0.29100155917780773,
        0.19459438009750812
      ],
      "HW-Narpay": [
        0.2429474287896075,
        0.5023084674250838,
        0.10322386760910188,
        0.3890496485735665,
        0.1019465815139099,
        0.1270843721067427,
        0.19591893732417812,
        0.34765089645337677,
        0.2493032267274655,
        0.3406596781607189,
        0.2422201295714957,
        0.16605572078042521
      ],
      "HW-Confluence": [
        0.14666567401296976,
        0.15468431415853573,
        0.4215210804089322,
        0.24216744349455668,
        0.005108390778896426,
        0.134326918917944,
        0.06409426545995742,
        0.15886171758208442,
        0.1927394873884046,
        0.3057378172124754,
        0.17877519066705372,
        0.6121002908602137
      ],
      "Kattaqorgon": [
        0.25413467650354926,
        0.21628610390400424,
        0.23074983965814566,
        0.35071678625051345,
        0.44652600759329153,
        0.5173138637677189,
        0.1706010125450933,
        0.16200128602956393,
        0.2809690214513562,
        0.23757340320396278,
        0.28800312058364286,
        0.02724960826185304
      ]
    },
    "HW-Narpay": {
      "HW-Confluence": [
        0.49047561464055134,
        0.8912797018071337,
        0.5478857698475557,
        0.6075792227387952,
        0.7534528781056775,
        0.6393235477051451,
        0.4993135917036592,
        0.6594642215502797,
        0.40960102864145487,
        0.7265178581471423,
        0.7038479793056144,
        0.8897013829993068
      ],
      "Narpay": [
        0.5095243853594487,
        0.10872029819286637,
        0.4521142301524443,
        0.3924207772612049,
        0.24654712189432249,
        0.3606764522948549,
        0.5006864082963408,
        0.34053577844972027,
        0.5903989713585451,
        0.27348214185285774,
        0.2961520206943857,
        0.1102986170006932
      ]
    },
    "HW-Confluence": {
      "HW-Karmana": [
        1.0,
        1.0,
        1.0,
        1.0,
        1.0,
        1.0,
        1.0,
        1.0,
        1.0,
        1.0,
        1.0,
        1.0
      ]
    },
    "HW-Karmana": {
      "Navbahor": [
        0.25871823284034234,
        0.4235576086892467,
        0.032663070599481536,
        0.20463956838668568,
        0.27824355021130126,
        0.29707934410182013,
        0.47890703475726815,
        0.33387791836972947,
        0.32594686305102044,
        0.30511490438993494,
        0.34512882546784507,
        0.7380883377765434
      ],
      "Sink-Navoi": [
        0.40426866501814834,
        0.025192880181830427,
        0.67071176264099,
        0.3703720368893323,
        0.23703974469605152,
        0.3243196968171312,
        0.1901728129313893,
        0.2555011547000219,
        0.3454097951173158,
        0.19950354992240085,
        0.3721779479686713,
        0.07677991017286424
      ],
      "Navoi-Powerplant": [
        0.3370131021415093,
        0.551249511128923,
        0.2966251667595285,
        0.4249883947239819,
        0.48471670509264725,
        0.37860095908104874,
        0.3309201523113426,
        0.41062092693024865,
        0.3286433418316638,
        0.49538154568766424,
        0.2826932265634836,
        0.18513175205059237
      ]
    }
  }
}