{
  "objective_value": 9486858878.599243,
  "reservoir_parameters": {
    "RES-Kattakurgan": {
      "h1": [
        504.2564160608949,
        500.9573838616656,
        498.7062361878951,
        499.06502999869906,
        508.03309657243244,
        510.487740482312,
        506.37579190311976,
        508.60863860213203,
        506.1175131399344,
        507.064487446843,
        507.2811116535813,
        502.5326929468455
      ],
      "h2": [
        508.7924025666178,
        502.50198933906677,
        507.5137047293422,
        501.2275917903844,
        510.3840171936152,
        511.1088680103387,
        510.19065907867815,
        508.98234230205856,
        507.11811114695786,
        510.83863078642514,
        510.56311317871933,
        506.9020210828841
      ],
      "w": [
        1.8656957287254972,
        78.57058957478095,
        19.766174820101607,
        86.72732762103597,
        116.95356498189518,
        121.57095216723587,
        10.85889742502827,
        109.58081659294767,
        70.45139766879883,
        110.92469138689984,
        37.6631049365011,
        7.553488294780086
      ],
      "m1": [
        1.5030978874387095,
        1.4815531153482429,
        1.5155893811267627,
        1.5535875967498576,
        1.4867238838148578,
        1.5240354036038661,
        1.526688498817134,
        1.4995318551976708,
        1.4926733399620222,
        1.5069835373095288,
        1.510965336309524,
        1.5363744657072176
      ],
      "m2": [
        1.4790559950107258,
        1.5522240009436816,
        1.5445396852123148,
        1.499355237357737,
        1.5645143344733832,
        1.4732037869033725,
        1.5099017435172952,
        1.554542291894931,
        1.4964232329540652,
        1.5621922992542296,
        1.470631869910976,
        1.5361979399853565
      ]
    },
    "RES-Akdarya": {
      "h1": [
        485.65311899983953,
        489.4930414639335,
        489.57951589743396,
        485.60740779850516,
        485.7328414085427,
        485.58567328887807,
        486.78650791586455,
        490.38429807470084,
        487.06301787013206,
        487.49539113807276,
        490.5376399306493,
        488.6161260659366
      ],
      "h2": [
        486.1324810823051,
        495.2413224768651,
        493.2229978579049,
        493.6631693508069,
        494.42813747865347,
        486.0997710175012,
        488.51375225923823,
        491.84984116398454,
        489.7317916351766,
        489.448078530057,
        491.751911702758,
        494.34103240491936
      ],
      "w": [
        35.94644062731929,
        21.426467142446377,
        79.28939464177145,
        14.0940062881708,
        46.72597537883245,
        4.577779280261041,
        8.379412844596285,
        34.624001312703854,
        34.3323788206274,
        96.04869508470337,
        30.324435652452173,
        82.0037710379199
      ],
      "m1": [
        1.5597971434221884,
        1.5289185351614598,
        1.563402642010661,
        1.4918550709639162,
        1.5375883804891213,
        1.497684789615136,
        1.5017016283461877,
        1.5569831628632382,
        1.507482853323275,
        1.5007535969748107,
        1.5005176393061441,
        1.545027905606812
      ],
      "m2": [
        1.5392413472642992,
        1.555107998571506,
        1.5103428039430238,
        1.5067469231009978,
        1.4738708485932421,
        1.5553959307927423,
        1.5084823653535933,
        1.5444092229017534,
        1.5379780575166777,
        1.5251953099041518,
        1.5475002822515442,
        1.485471615224025
      ]
    }
  },
  "hydroworks_parameters": {
    "HW-EskiAnkhor": {
      "Pastdargom": [
        0.9964074041499832,
        0.6553473336773189,
        0.4107132670599132,
        0.06072844519452692,
        0.0032403545580739802,
        0.6488642073285971,
        0.5617054114941816,
        0.3211311810304384,
        0.011160307645925434,
        0.27268894273094885,
        0.3858388696869447,
        0.7059066145864994
      ],
      "Nurobod": [
        0.0035925958500168786,
        0.34465266632268104,
        0.5892867329400868,
        0.9392715548054731,
        0.996759645441926,
        0.351135792671403,
        0.43829458850581837,
        0.6788688189695615,
        0.9888396923540745,
        0.7273110572690511,
        0.6141611303130553,
        0.29409338541350066
      ]
    },
    "HW-Ravatkhoza": {
      "HW-AkKaraDarya": [
        0.09613475664433112,
        0.19428583426159263,
        0.20376180652565468,
        0.05944666434195284,
        0.05822506483905739,
        0.21999879242851267,
        0.13970319466153358,
        0.5450547151968299,
        0.07694843512008515,
        0.07090915858637739,
        0.11719285210916522,
        0.09632585453361196
      ],
      "Bulungur": [
        0.2755999110616027,
        0.15240925996492072,
        0.12957152680767864,
        0.2867551051024733,
        0.06674516676266144,
        0.005655893512786528,
        0.12231444663811038,
        0.03657448369581053,
        0.36461888144401067,
        0.28770972434186026,
        0.2685303068357602,
        0.2547050450832855
      ],
      "Jomboy": [
        0.2418053154524224,
        0.3739546772264728,
        0.27566659836730684,
        0.3694809163541654,
        0.6299836780682168,
        0.3367591479998873,
        0.24835618646180058,
        0.01922336231063616,
        0.3090493975261889,
        0.3323338402743226,
        0.21491489229644978,
        0.2068114605546924
      ],
      "Sink-Jizzakh": [
        0.059832624220132184,
        0.06641070584043532,
        0.0576667349660265,
        0.07919086946490637,
        0.05948088756469976,
        0.05291263666071702,
        0.09401672898820038,
        0.06829166692157637,
        0.1618701749158924,
        0.05586679825828526,
        0.06978821300851495,
        0.05393025920948917
      ],
      "Toyloq": [
        0.1080655401172161,
        0.10035067245159564,
        0.0793387298898235,
        0.1743216673771658,
        0.17823043848922882,
        0.2725706105961396,
        0.27888204001708494,
        0.21107473295346918,
        0.0014163723334213098,
        0.22869406248723398,
        0.19640352373744477,
        0.23731754865315677
      ],
      "Urgut": [
        0.2185618525042956,
        0.11258885025498291,
        0.2539946034435098,
        0.030804777359336177,
        0.007334764276135913,
        0.11210291880195687,
        0.11672740323327029,
        0.11978103892167785,
        0.08609673866040163,
        0.024486416051920534,
        0.13317021201266513,
        0.1509098319657643
      ]
    },
    "HW-AkKaraDarya": {
      "Oqdaryo": [
        0.897659217404593,
        0.8408288169554978,
        0.983295780335485,
        0.04065851319444801,
        0.23864488345132484,
        0.06506349090439084,
        0.08120747602398443,
        0.08322435483347182,
        0.5520409868874638,
        0.0981604459404328,
        0.7473580681952807,
        0.4519092586189086
      ],
      "HW-Damkhoza": [
        0.10234078259540698,
        0.15917118304450217,
        0.016704219664514932,
        0.959341486805552,
        0.7613551165486752,
        0.9349365090956092,
        0.9187925239760156,
        0.9167756451665282,
        0.44795901311253616,
        0.9018395540595672,
        0.2526419318047192,
        0.5480907413810914
      ]
    },
    "HW-Damkhoza": {
      "RES-Kattakurgan": [
        0.010746603169537104,
        0.007096918707994604,
        0.13336081717378437,
        0.2032138592379104,
        0.04017470800683273,
        0.48226101953068434,
        0.8272422669935766,
        0.4553068850856256,
        0.34017024568970966,
        0.3609204060211783,
        0.0011391079554746231,
        0.02750841796779937
      ],