{
  "objective_value": 10872377274.641092,
  "reservoir_parameters": {
    "RES-Kattakurgan": {
      "h1": [
        509.8946592568047,
        499.38696037667415,
        499.8847856319742,
        499.00699507490225,
        504.10875580233443,
        505.3062207021053,
        507.7165056414776,
        506.78866758250206,
        506.42786209384485,
        505.0415665864705,
        510.7217344335851,
        504.8297929864409
      ],
      "h2": [
        510.35496367525764,
        502.3471042230034,
        502.04044787839314,
        510.319089183454,
        509.8157136869364,
        507.87461007329466,
        509.5722671750081,
        507.9203732465291,
        510.9941436062712,
        509.71720078767237,
        510.89952459306164,
        506.50213865241403
      ],
      "w": [
        22.582521185600502,
        1.0686693088753085,
        5.971943916218859,
        121.95616297545499,
        12.028108238823304,
        81.1581648177897,
        2.72758845861612,
        116.04226279226613,
        30.56753851812469,
        72.48595790126312,
        92.85064403347016,
        7.034501946672044
      ],
      "m1": [
        1.5653862525808415,
        1.4985028084981935,
        1.5040967579978781,
        1.529139771178072,
        1.5560679054932476,
        1.540341628067972,
        1.561682720846554,
        1.5120489701338689,
        1.5597339760824864,
        1.4992525589745347,
        1.5186949691206424,
        1.492044722162781
      ],
      "m2": [
        1.5693550084112329,
        1.5112357282488202,
        1.5083022131197832,
        1.491460470771982,
        1.4896642492185006,
        1.5230508971522814,
        1.5080920258028638,
        1.4864326165083053,
        1.5278586906295397,
        1.5297688983340179,
        1.5487286698026195,
        1.497427176432357
      ]
    },
    "RES-Akdarya": {
      "h1": [
        490.21512402824914,
        489.96882127437567,
        485.68852847599777,
        490.8805618688822,
        485.9207673252169,
        491.36250633974703,
        488.61648914619985,
        489.4474360888308,
        491.03943201331833,
        489.6681228212407,
        489.02422304505706,
        489.7824903111149
      ],
      "h2": [
        493.49877989363085,
        493.12348021003027,
        492.73444782718235,
        492.0057370741278,
        492.3408611937217,
        494.32740066694134,
        493.97092239295284,
        493.60769475165006,
        491.2554788645694,
        491.6061515206984,
        494.8249697662071,
        495.37874278408987
      ],
      "w": [
        112.5795075976787,
        85.28947389912236,
        121.11389445922175,
        113.28707702764312,
        69.87624909819148,
        7.195183411945361,
        83.50284085128686,
        10.096431057285804,
        68.49341186707593,
        12.011135043144701,
        96.9658415492771,
        56.84007480096889
      ],
      "m1": [
        1.4954842018207573,
        1.5619910762471005,
        1.4881387980819143,
        1.475384674842047,
        1.5068860903890562,
        1.4976419837615793,
        1.5668768750875885,
        1.4824949549698463,
        1.4848685259157597,
        1.4856902882560767,
        1.5400908397827895,
        1.56744330055498
      ],
      "m2": [
        1.5198207238506103,
        1.524118677626479,
        1.551786395090775,
        1.486325636157758,
        1.4798424713491447,
        1.5529471265483936,
        1.564328434429381,
        1.5674233131235225,
        1.5130384625843387,
        1.522518472872753,
        1.5528444834765123,
        1.5262163372539368
      ]
    }
  },
  "hydroworks_parameters": {
    "HW-EskiAnkhor": {
      "Pastdargom": [
        0.9837225900889224,
        0.4564090052772572,
        0.5736335553990838,
        0.47669755466788183,
        0.2689256848569085,
        0.5438783137128065,
        0.5830877276798627,
        0.3306719929643856,
        0.19822335756926335,
        0.3305680782351605,
        0.5013925101306564,
        0.2666873998503456
      ],
      "Nurobod": [
        0.016277409911077574,
        0.5435909947227429,
        0.42636644460091616,
        0.5233024453321182,
        0.7310743151430915,
        0.4561216862871936,
        0.41691227232013733,
        0.6693280070356145,
        0.8017766424307367,
        0.6694319217648396,
        0.49860748986934356,
        0.7333126001496544
      ]
    },
    "HW-Ravatkhoza": {
      "HW-AkKaraDarya": [
        0.14307034750168934,
        0.16469551562457563,
        0.007871124199336716,
        0.04322109447641345,
        0.11493367280175573,
        0.00018416301508643884,
        0.09583570088739984,
        0.037348079454761825,
        0.131960351289364,
        0.03904953966141141,
        0.08317861469509337,
        0.2709351637498719
      ],
      "Bulungur": [
        0.2989478962612536,
        0.2541569737332094,
        0.32546220913399665,
        0.2901122388569199,
        0.32267033459444155,
        0.10903890866883612,
        0.2111035942583056,
        0.3340937464859609,
        0.24053707343503286,
        0.3005775522981223,
        0.36509489568459064,
        0.27839561369488386
      ],
      "Jomboy": [
        0.18413394671337163,
        0.36001145655247063,
        0.31085298153414026,
        0.2883230471951466,
        0.24813484339001932,
        0.5311135782482747,
        0.19306070485429452,
        0.2768133738140511,
        0.4314301401767531,
        0.351850508125039,
        0.16555441421433065,
        0.34454597776447365
      ],
      "Sink-Jizzakh": [
        0.07112364871078307,
        0.07835332385403881,
        0.022480351799193096,
        0.045010286138186674,
        0.04582864588983199,
        0.07248470753759545,
        0.05636013528980848,
        0.0696193504229841,
        0.02804716519946166,
        0.10613287813897904,
        0.04456225156425663,
        0.05026540225606172
      ],
      "Toyloq": [
        0.26284038283275213,
        0.13246088017060553,
        0.3050471579851833,
        0.16583759141211757,
        0.23483921640311162,
        0.030292058548805255,
        0.19958002213754686,
        0.05490383930125535,
        0.1666556310273126,
        0.08518798174032301,
        0.30515684260993897,
        0.02992184940389297
      ],
      "Urgut": [
        0.039883777980150095,
        0.010321850065100096,
        0.028286175348150037,
        0.16749574192121575,
        0.033593286920839835,
        0.2568865839814022,
        0.24405984257264474,
        0.22722161052098674,
        0.001369638872075754,
        0.11720154003612539,
        0.036452981231789805,
        0.025935993130815956
      ]
    },
    "HW-AkKaraDarya": {
      "Oqdaryo": [
        0.40231886459909777,
        0.7118653980414619,
        0.05814301648828981,
        0.11195798155977715,
        0.33730193360451094,
        0.002434651212134776,
        0.12703454919160032,
        0.010710844017792362,
        0.4690484487046065,
        0.5318087514538858,
        0.7092821045834989,
        0.7514204726074638
      ],
      "HW-Damkhoza": [
        0.5976811354009023,
        0.2881346019585382,
        0.9418569835117102,
        0.8880420184402229,
        0.662698066395489,
        0.9975653487878652,
        0.8729654508083997,
        0.9892891559822077,
        0.5309515512953935,
        0.46819124854611416,
        0.29071789541650106,
        0.2485795273925363
      ]
    },
    "HW-Damkhoza": {
      "RES-Kattakurgan": [
        0.004798540954594067,
        0.01421233979211542,
        0.012184216397182365,
        0.3714461006016515,
        0.07568883361516225,
        0.556546887748465,
        0.4286227282981446,
        0.3152537684324417,
        0.33641169656587083,
        0.07201866327632929,
        0.11511858662721881,
        0.026390394968553818
      ],