{
  "objective_value": 38164464667.09249,
  "reservoir_parameters": {
    "RES-Kattakurgan": {
      "h1": [
        499.0521238142594,
        500.15278726118765,
        498.71072745161024,
        509.9870995228686,
        506.69825677395517,
        510.8673590871043,
        506.4254969261085,
        507.0214128024339,
        500.84191502653243,
        500.0591663779778,
        500.7269510811472,
        503.0519832285702
      ],
      "h2": [
        506.13782750547045,
        505.04253767979384,
        503.1291228364384,
        510.636237572812,
        507.0755516226806,
        511.0687694031024,
        507.10355304359393,
        508.63808212593545,
        508.76484239416413,
        506.2847293340219,
        509.3930341094133,
        504.14664963613814
      ],
      "w": [
        34.47252861022363,
        25.665705815761317,
        30.320358726719952,
        14.87891754524412,
        101.52698124417148,
        92.99426696455063,
        63.6625763286227,
        109.68214114016018,
        17.157455623890872,
        21.590407732721847,
        10.81819837137045,
        9.658985683891231
      ],
      "m1": [
        1.542457068492745,
        1.5009987165638985,
        1.5439580236550894,
        1.5040227559156836,
        1.5305326686707295,
        1.4944020428215874,
        1.4774537164623371,
        1.509709479312461,
        1.5571915514000678,
        1.5156193163875624,
        1.4906513109519868,
        1.5555764331180533
      ],
      "m2": [
        1.5471554547176671,
        1.4903712621252003,
        1.485194825129144,
        1.5378843646962617,
        1.5531547740431613,
        1.5013732599109801,
        1.5309912671200632,
        1.493984451820253,
        1.5169942014852533,
        1.5062442352252983,
        1.474980018509348,
        1.485308150568482
      ]
    },
    "RES-Akdarya": {
      "h1": [
        496.0886271289485,
        490.03155800432444,
        487.1204032661786,
        491.87755172296943,
        485.97568148888917,
        488.72638209865846,
        492.06703627297145,
        489.69050534348185,
        488.01305224179976,
        486.5551535519017,
        486.5953567862809,
        486.91648509034076
      ],
      "h2": [
        496.4877593957991,
        492.6216721753483,
        494.77411555521905,
        492.1174060703691,
        487.8630436540407,
        496.01271492484096,
        492.7505956018816,
        496.60943331540983,
        491.71010205380895,
        491.8378397624095,
        493.1305883224797,
        495.38002051223845
      ],
      "w": [
        46.797088887117674,
        20.578007066333157,
        124.30085023299706,
        20.31484527154287,
        25.443655081853546,
        63.44754346248099,
        75.62365889090887,
        7.936450471459938,
        65.46817154615775,
        120.38999988238079,
        69.6317587374044,
        62.70024663261182
      ],
      "m1": [
        1.5341663486671038,
        1.5188281369160201,
        1.476408083626085,
        1.558798866330192,
        1.4728024105665674,
        1.470749532637778,
        1.5465494908764676,
        1.472298798065175,
        1.5256419643384058,
        1.4981666330259842,
        1.4864773456975122,
        1.4751417048042679
      ],
      "m2": [
        1.5570754884875244,
        1.5237036577449983,
        1.5288037119923428,
        1.546436466003306,
        1.5043985242093894,
        1.5228822403143356,
        1.481921578614834,
        1.4708457893615992,
        1.5250046657665803,
        1.4906061380001017,
        1.486784844127936,
        1.5546512597591287
      ]
    }
  },
  "hydroworks_parameters": {
    "HW-EskiAnkhor": {
      "Pastdargom": [
        0.847397532543241,
        0.6658442773481166,
        0.3911019991519763,
        0.6349067897946247,
        0.9150179972535494,
        0.7166752443809575,
        0.0978677499145111,
        0.2119285750460338,
        0.06448362622916858,
        0.13538252099931938,
        0.5879013107885828,
        0.5449950003049389
      ],
      "Nurobod": [
        0.15260246745675904,
        0.3341557226518835,
        0.6088980008480237,
        0.36509321020537533,
        0.0849820027464506,
        0.2833247556190425,
        0.9021322500854889,
        0.7880714249539662,
        0.9355163737708314,
        0.8646174790006806,
        0.41209868921141735,
        0.4550049996950612
      ]
    },
    "HW-Ravatkhoza": {
      "HW-AkKaraDarya": [
        0.3552417109529879,
        0.3358725758217596,
        0.1599743319206223,
        0.07097250590159136,
        0.2645351400259136,
        0.2201527677555277,
        0.11175734924171891,
        0.48139115252952946,
        0.5259696184229898,
        0.09914310996829268,
        0.08114129796318682,
        0.058360735851015554
      ],
      "Bulungur": [
        0.04072322464953434,
        0.2134484957980605,
        0.17216130041329078,
        0.262360827431742,
        0.011407579225337248,
        0.12101176769428601,
        0.2524866823528467,
        0.017808934566655284,
        0.021212863019902536,
        0.3506434076133729,
        0.3327985406135072,
        0.3073838154807738
      ],
      "Jomboy": [
        0.36574998928350533,
        0.11379120527556615,
        0.2787788732328717,
        0.3062184989259469,
        0.026336414703722593,
        0.18069534019428887,
        0.27886264514026016,
        0.05031218208085602,
        0.24384831287262984,
        0.3986135192440674,
        0.29439901167027654,
        0.28113119521302415
      ],
      "Sink-Jizzakh": [
        0.061444284648595915,
        0.07708491261852046,
        0.053356759101041366,
        0.027114834407386434,
        0.04266587185381137,
        0.05063273298993146,
        0.061087398920905145,
        0.12080939569656864,
        0.032998053584320106,
        0.033621517289826056,
        0.011340256296049825,
        0.016715606001104662
      ],
      "Toyloq": [
        0.15398478735850893,
        0.08588355217296458,
        0.20632979196500945,
        0.28996897766474644,
        0.28637637555002926,
        0.1504972127566355,
        0.013253301683208697,
        0.2979112533349052,
        0.14071371804526647,
        0.10867704122270806,
        0.26489296510172233,
        0.2527127623591578
      ],
      "Urgut": [
        0.02285600310686761,
        0.17391925831312868,
        0.1293989433671646,
        0.04336435566858687,
        0.3686786186411859,
        0.2770101786093304,
        0.2825526226610604,
        0.031767081791485394,
        0.03525743405489125,
        0.009301404661732935,
        0.015427928355257255,
        0.08369588509492415
      ]
    },
    "HW-AkKaraDarya": {
      "Oqdaryo": [
        0.841481720386438,
        0.03913840977792033,
        0.9918740408265915,
        0.45644920628505525,
        0.15990346302670957,
        0.10790134268401004,
        0.13054629389298034,
        0.004140546726461748,
        0.08027602623585495,
        0.4725519934307868,
        0.3750383956858109,
        0.26680190240303775
      ],
      "HW-Damkhoza": [
        0.15851827961356207,
        0.9608615902220796,
        0.008125959173408498,
        0.5435507937149447,
        0.8400965369732905,
        0.8920986573159899,
        0.8694537061070197,
        0.9958594532735382,
        0.919723973764145,
        0.5274480065692133,
        0.6249616043141891,
        0.7331980975969623
      ]
    },
    "HW-Damkhoza": {
      "RES-Kattakurgan": [
        0.511401316806975,
        0.2837056687401145,
        0.15234847342786076,
        0.023310081421901458,
        0.5085314263956907,
        0.6466101635746615,
        0.440916295086832,
        0.3184313968313472,
        0.12500802272896283,
        0.789993425647466,
        0.3792408161150193,
        0.315933123672795
      ],