{
  "objective_value": 22213239711.97147,
  "reservoir_parameters": {
    "RES-Kattakurgan": {
      "h1": [
        500.54797314018293,
        499.19156140180826,
        500.5862467363023,
        499.2440329793249,
        504.72196508565935,
        509.6796601977997,
        509.9185460961485,
        508.2032262545657,
        504.84481904691785,
        498.6808450016062,
        503.6852474918317,
        502.78650294000397
      ],
      "h2": [
        510.7514361057797,
        510.8994888294834,
        504.26228061795257,
        510.8714483341225,
        510.883052154712,
        510.37041780046843,
        510.84715528265065,
        508.4986577140871,
        510.04019322604023,
        506.0913794828894,
        503.9832601623874,
        506.0731197817252
      ],
      "w": [
        16.865080735626385,
        48.511089300789415,
        19.454214495067845,
        96.55370459201045,
        100.38888445305588,
        80.90230180304825,
        71.64546091917198,
        60.13997915322238,
        62.2227021122923,
        9.024876845007565,
        91.64619403858057,
        27.77503612017193
      ],
      "m1": [
        1.471206954881086,
        1.5656458965673137,
        1.4858622883541843,
        1.4838947837873455,
        1.497505003747772,
        1.5634581793183855,
        1.5322584226209146,
        1.5218602556489293,
        1.482922303880992,
        1.4897417071924042,
        1.504422420880946,
        1.4999854779369906
      ],
      "m2": [
        1.5401595987793346,
        1.5138147415905068,
        1.5553104528772386,
        1.5351326915989274,
        1.4910735344230783,
        1.5308855430868324,
        1.5055154434086981,
        1.5277558594051088,
        1.4773135997134423,
        1.5456422514736876,
        1.5090253055025622,
        1.53818058521919
      ]
    },
    "RES-Akdarya": {
      "h1": [
        486.0369503241118,
        493.75685429746994,
        485.97469765732365,
        487.5658955494542,
        489.9743667347944,
        493.1706998819918,
        488.4054815165951,
        489.7841251810461,
        491.6903770376408,
        488.0357298193152,
        487.1516465816626,
        489.3138629010557
      ],
      "h2": [
        493.60479307184136,
        494.41863166212363,
        487.5447135898373,
        488.8188890548234,
        495.3236445093682,
        494.32361753144824,
        490.242830518809,
        490.3549608561365,
        495.1228299545641,
        496.1516564604474,
        491.2194007502586,
        494.5086862867686
      ],
      "w": [
        53.05030188248064,
        51.843188112753914,
        42.861170098581525,
        78.39569605007709,
        104.58022043109767,
        13.058232641206951,
        28.197202040231517,
        26.63588258910296,
        120.22842553033615,
        68.98168436752248,
        76.26473432717867,
        119.0593195839359
      ],
      "m1": [
        1.5131733617059577,
        1.5147130634260404,
        1.5055096717036445,
        1.4967819719446442,
        1.5569546603344215,
        1.486991864844019,
        1.4706592370825071,
        1.5448447525754014,
        1.5070779644417367,
        1.5467178661348246,
        1.54883803960733,
        1.4948602157318256
      ],
      "m2": [
        1.4718690337909084,
        1.528068758234262,
        1.553481632973051,
        1.4700175839513387,
        1.5229445824848125,
        1.495196785634938,
        1.498883265859812,
        1.5274381952539728,
        1.545380005322746,
        1.5281767726983628,
        1.5519946731236323,
        1.4831113671553349
      ]
    }
  },
  "hydroworks_parameters": {
    "HW-EskiAnkhor": {
      "Pastdargom": [
        0.9333899159348367,
        0.8282672526958174,
        0.035946959917413965,
        0.6571061216377806,
        0.8400820505855822,
        0.7653318717173657,
        0.5064363487333035,
        0.21292101818120462,
        0.5257010562829179,
        0.18980342213431725,
        0.23941166149556312,
        0.4379992350303988
      ],
      "Nurobod": [
        0.06661008406516333,
        0.1717327473041826,
        0.9640530400825861,
        0.34289387836221946,
        0.15991794941441795,
        0.23466812828263428,
        0.4935636512666966,
        0.7870789818187953,
        0.4742989437170822,
        0.8101965778656828,
        0.7605883385044369,
        0.5620007649696012
      ]
    },
    "HW-Ravatkhoza": {
      "HW-AkKaraDarya": [
        0.266023383667417,
        0.29337345379063795,
        8.580056642410795e-05,
        0.1730818965926801,
        0.15776781514150406,
        0.3671083698420368,
        0.26755072306609673,
        0.4455814473014101,
        0.0490513022331585,
        0.13819580302251527,
        0.4376389873729789,
        0.09345294432449784
      ],
      "Bulungur": [
        0.1812523341121454,
        0.0880738112576691,
        0.2589200849432555,
        0.16025143674065323,
        0.06188244098604845,
        0.0019773108674970637,
        0.012939882699056375,
        0.08449698522849503,
        0.4052201516658822,
        0.22903401035025425,
        0.23118636657885552,
        0.2951911291052418
      ],
      "Jomboy": [
        0.2782059639294456,
        0.2175940266389907,
        0.504376463977665,
        0.2780929534910626,
        0.25861063148449187,
        0.0004492026105568509,
        0.23763002822375628,
        0.03225160458914125,
        0.30944000887914774,
        0.31066446397159586,
        0.040948841506878796,
        0.3305632916106169
      ],
      "Sink-Jizzakh": [
        0.09340253685014048,
        0.03817486942687468,
        0.07573176720644077,
        0.05524037984227076,
        0.04680929864761329,
        0.03218395745036557,
        0.13849822826922273,
        0.16767340919009968,
        0.022020750933216298,
        0.13988897972610445,
        0.054997967067615984,
        0.006733838070431732
      ],
      "Toyloq": [
        0.12611918193557423,
        0.2064621907329774,
        0.0098689388278971,
        0.1841636785188573,
        0.14430777627006808,
        0.1705707655162371,
        0.061955453980039626,
        0.1727013666415292,
        0.20858826087316387,
        0.0651189937905956,
        0.1185775238915642,
        0.03640066350722632
      ],
      "Urgut": [
        0.05499659950527719,
        0.15632164815285018,
        0.15101694447831746,
        0.14916965481447605,
        0.33062203747027424,
        0.4277103937133065,
        0.2814256837618283,
        0.09729518704932491,
        0.005679525415431392,
        0.11709774913893453,
        0.11665031358210663,
        0.2376581333819854
      ]
    },
    "HW-AkKaraDarya": {
      "Oqdaryo": [
        0.4209365483518277,
        0.8365375706084389,
        0.8062337596716356,
        0.9882572503887513,
        0.1522050183987532,
        0.14809081011323538,
        0.0950236533886357,
        0.5045436572853932,
        0.43887533936158,
        0.383476368585977,
        0.8034696929953354,
        0.3300343620588781
      ],
      "HW-Damkhoza": [
        0.5790634516481723,
        0.1634624293915611,
        0.1937662403283644,
        0.01174274961124865,
        0.8477949816012468,
        0.8519091898867647,
        0.9049763466113643,
        0.49545634271460687,
        0.56112466063842,
        0.6165236314140231,
        0.19653030700466453,
        0.669965637941122
      ]
    },
    "HW-Damkhoza": {
      "RES-Kattakurgan": [
        0.3550055811084369,
        0.0213687077731031,
        0.21454127725322503,
        0.10085142541313959,
        0.5863952238294937,
        0.5360262144143622,
        0.4731786800201069,
        0.0877782890388588,
        0.37890930288520924,
        0.028481287690542187,
        0.1436206520478306,
        0.11549367588895121
      ],