{
  "objective_value": 22065564664.16114,
  "reservoir_parameters": {
    "RES-Kattakurgan": {
      "h1": [
        499.58745339039507,
        498.91041770541926,
        498.6805163104767,
        503.72974062585786,
        505.9108617747238,
        509.1132738790821,
        509.2294918368953,
        504.94174229691646,
        505.8529615910565,
        499.39888887113057,
        509.94960356494886,
        502.8783669507293
      ],
      "h2": [
        508.2021654405132,
        508.770041289366,
        506.42634819310933,
        507.67858787680876,
        509.2124900310842,
        511.00536419699125,
        511.10446068117176,
        510.72819285112337,
        510.9121490105852,
        507.88949150658203,
        510.82190099259026,
        505.9667800154399
      ],
      "w": [
        35.85446978778821,
        20.87545020315647,
        105.19356847260616,
        105.1746501783818,
        66.34924876935949,
        31.25757566050709,
        50.249417422042654,
        18.970347234325878,
        39.19975909047035,
        28.756763249538466,
        17.819219169044135,
        116.21282078639777
      ],
      "m1": [
        1.5255118007399857,
        1.5327630708763957,
        1.5287134486370562,
        1.4907326740785476,
        1.4926706938305607,
        1.492040234229109,
        1.498227661875399,
        1.5138128838141967,
        1.505612605774514,
        1.5107162986115892,
        1.49087732769243,
        1.47753753711791
      ],
      "m2": [
        1.5295395267944658,
        1.4759164372858975,
        1.520600289229594,
        1.5189424331838812,
        1.5301815632499043,
        1.5115343055059436,
        1.476237250609535,
        1.522803865783034,
        1.5203058697645206,
        1.486657815185022,
        1.5586672677251887,
        1.5408248334024452
      ]
    },
    "RES-Akdarya": {
      "h1": [
        494.9433926247811,
        486.7503169511473,
        489.6165972573359,
        491.5745718655863,
        486.076024199674,
        490.5871946689119,
        487.5227799214572,
        493.3102557437866,
        488.27446678064405,
        491.08033478788747,
        486.28843074709175,
        487.61054366779274
      ],
      "h2": [
        495.67733549488236,
        496.2894436318649,
        495.2932420303664,
        494.30430439202985,
        491.2268220053662,
        491.56026936214596,
        494.5000818084809,
        495.0044333573479,
        489.9320631806625,
        495.18496434556283,
        490.62615204576423,
        496.24255168438845
      ],
      "w": [
        30.7150860788821,
        112.7479459380422,
        95.96651714565793,
        44.32969351476766,
        78.67241080310161,
        25.35588685492862,
        39.9967915139172,
        6.124343880368851,
        68.47407478964743,
        85.22185445356423,
        78.4840785073759,
        25.117219022680228
      ],
      "m1": [
        1.4754791091615005,
        1.5433172389979586,
        1.5211253877057753,
        1.553432507957665,
        1.4970582378683206,
        1.4930700653842144,
        1.5660766360149447,
        1.5039634467380336,
        1.4716464726889593,
        1.5162212297194435,
        1.4766684133090933,
        1.496333607353832
      ],
      "m2": [
        1.53592663268424,
        1.543364385957925,
        1.4878358405069365,
        1.5306029914782968,
        1.5585175914509544,
        1.5598723742003322,
        1.5240376703090275,
        1.4815767781280151,
        1.5324194657475574,
        1.4809796471578627,
        1.535704471789954,
        1.5308396666067445
      ]
    }
  },
  "hydroworks_parameters": {
    "HW-EskiAnkhor": {
      "Pastdargom": [
        0.7489143955852976,
        0.844213283342785,
        0.4126239984241124,
        0.45671385586086405,
        0.8891844558402741,
        0.8502754976910736,
        0.5881931324701715,
        0.18562486246117957,
        0.20947894671400663,
        0.3102473103500472,
        0.5135644943614455,
        0.3943036249689089
      ],
      "Nurobod": [
        0.25108560441470246,
        0.15578671665721502,
        0.5873760015758877,
        0.5432861441391359,
        0.110815544159726,
        0.14972450230892642,
        0.4118068675298286,
        0.8143751375388205,
        0.7905210532859933,
        0.6897526896499527,
        0.48643550563855453,
        0.6056963750310912
      ]
    },
    "HW-Ravatkhoza": {
      "HW-AkKaraDarya": [
        0.14321135291015266,
        0.2495747282402608,
        0.018317083797692594,
        0.00016682149867503952,
        0.0044293972103625154,
        0.2626903963328274,
        0.1447671552227395,
        0.2602762405873191,
        0.03043612782299903,
        0.03971099070359261,
        0.008134914859205316,
        0.14461348731539836
      ],
      "Bulungur": [
        0.20503244178820923,
        0.06510657296967966,
        0.3150162495356408,
        0.26543948410948937,
        0.2710645578670835,
        0.03022770197311723,
        0.006915149505551595,
        0.08188831277086951,
        0.3328008707642972,
        0.1837379376842796,
        0.325198418474128,
        0.310233259433412
      ],
      "Jomboy": [
        0.3160146332944494,
        0.22890711515880974,
        0.19319611256780267,
        0.4025281983923557,
        0.04453620898749541,
        0.0020191672181936356,
        0.31496625155978875,
        0.07853753140533742,
        0.3830815478229636,
        0.4350568485626242,
        0.2854576987866319,
        0.3014498066876889
      ],
      "Sink-Jizzakh": [
        0.08789045324683864,
        0.09993546439118707,
        0.14013722076553067,
        0.08217493332870758,
        0.029209733223972138,
        0.1860562330080814,
        0.051877073797200746,
        0.3226818779227976,
        0.06440981834721342,
        0.06511147023568922,
        0.04787563454670146,
        0.041074304695169185
      ],
      "Toyloq": [
        0.17265244765984986,
        0.07251632962528014,
        0.2641903140080714,
        0.11610186009822072,
        0.4425525878072948,
        0.2627759273352883,
        0.25330133591900333,
        0.22918088265556874,
        0.0913021264038993,
        0.09588360439555044,
        0.19203545550941692,
        0.14886924104397636
      ],
      "Urgut": [
        0.07519867110050028,
        0.2839597896147827,
        0.06914301932526191,
        0.1335887025725515,
        0.20820751490379166,
        0.25623057413249206,
        0.2281730339957162,
        0.02743515465810762,
        0.09796950883862737,
        0.18049914841826398,
        0.14129787782391642,
        0.05375990082435525
      ]
    },
    "HW-AkKaraDarya": {
      "Oqdaryo": [
        0.943191832276902,
        0.6435961417316979,
        0.7241214737190944,
        0.5820111863684235,
        0.09248288332398977,
        0.17089080008064428,
        0.07367499085104509,
        0.16269816257604303,
        0.5686559616574763,
        0.4085063696545662,
        0.6482506894916439,
        0.7081720474886597
      ],
      "HW-Damkhoza": [
        0.05680816772309808,
        0.35640385826830223,
        0.27587852628090553,
        0.4179888136315766,
        0.9075171166760102,
        0.8291091999193557,
        0.9263250091489549,
        0.8373018374239569,
        0.4313440383425238,
        0.5914936303454338,
        0.3517493105083561,
        0.2918279525113403
      ]
    },
    "HW-Damkhoza": {
      "RES-Kattakurgan": [
        0.4525567607222153,
        0.28648764650785,
        0.06415953729780387,
        0.07602057152718084,
        0.653146541423479,
        0.5651108548071746,
        0.5333680623864668,
        0.2063460534853417,
        0.2862682683139522,
        0.02373411471499103,
        0.14373465922565798,
        0.48001000403238664
      ],