{
  "objective_value": 39194473702.94297,
  "reservoir_parameters": {
    "RES-Kattakurgan": {
      "h1": [
        499.9770425855127,
        500.1521973354493,
        499.27603580391104,
        498.91320626906287,
        509.6471790075554,
        507.1293678688205,
        508.84083817630705,
        507.9675587009404,
        505.658472568192,
        504.60071601997345,
        504.7047996111035,
        498.63265438554225
      ],
      "h2": [
        506.97266747410185,
        509.39680419369864,
        500.74768767645503,
        499.73500215656185,
        511.1200185613158,
        509.0692860531044,
        509.6805023918601,
        508.14990993064475,
        509.8471458217368,
        507.61178085143763,
        505.7015924544428,
        510.1902069475413
      ],
      "w": [
        24.006915546179883,
        44.10613212036026,
        120.09671101791109,
        108.6113504813026,
        121.4871765788006,
        116.14683748404448,
        69.81566343145593,
        123.08114034495014,
        38.59752714560051,
        7.496111070214958,
        117.68095653809716,
        14.860535234551387
      ],
      "m1": [
        1.5431977512607495,
        1.4929067343295581,
        1.541694124763421,
        1.5487493760317195,
        1.5441105983115238,
        1.4847894319444206,
        1.4865008017285097,
        1.4744680487925466,
        1.5300336606205536,
        1.4850278260323695,
        1.49909734242988,
        1.5361423394423517
      ],
      "m2": [
        1.527084319649017,
        1.5494274868344389,
        1.5261545391401992,
        1.4845457631414738,
        1.5131385854607466,
        1.5652142521258696,
        1.5684042861816117,
        1.5512116147978454,
        1.5443964377797579,
        1.4896908988248172,
        1.4745051215457639,
        1.5356386170252654
      ]
    },
    "RES-Akdarya": {
      "h1": [
        487.50623558004753,
        486.61630105889867,
        486.69298998343726,
        486.0061294910733,
        486.3921178041674,
        486.5640741956008,
        489.7705398789763,
        488.2922098071809,
        490.1362599989645,
        485.45053368452994,
        489.2980885523062,
        486.0214626801397
      ],
      "h2": [
        493.7319659266543,
        491.55343567649925,
        495.9090439329594,
        488.3573084031039,
        486.64310770249585,
        491.30776608797254,
        490.3183235179972,
        496.1579119989596,
        494.943316563008,
        494.62053371085545,
        491.52395705889455,
        488.61708776374314
      ],
      "w": [
        18.431073052011833,
        62.24896714130558,
        102.84865183311038,
        84.42840778064735,
        92.1202791977982,
        31.458419536345524,
        107.78307735013271,
        38.81910187273305,
        108.53832326499776,
        53.90446190645662,
        115.39153951237341,
        74.2303630786172
      ],
      "m1": [
        1.5460051145349298,
        1.5140639835297933,
        1.517702499718881,
        1.5581909849541158,
        1.52372555142799,
        1.52531405643194,
        1.5427726875561742,
        1.556541504508042,
        1.5117993763661406,
        1.4750832934846771,
        1.4843681980904242,
        1.5647460542494858
      ],
      "m2": [
        1.50459480543664,
        1.4810777773400834,
        1.4891314581039972,
        1.4742434426276274,
        1.5164406586007324,
        1.5288655058834555,
        1.539918677756801,
        1.51624321841848,
        1.5543586434664134,
        1.5219366077328467,
        1.5162020664861247,
        1.5116165875145948
      ]
    }
  },
  "hydroworks_parameters": {
    "HW-EskiAnkhor": {
      "Pastdargom": [
        0.5,
        0.7634129764561929,
        0.37194089551643333,
        0.4640723169785342,
        0.6489220370969869,
        0.8826323202416854,
        0.031716944001007275,
        0.5758003139577119,
        0.503978991764551,
        0.33149587679486486,
        0.5223234818158311,
        0.59060669628056
      ],
      "Nurobod": [
        0.5,
        0.23658702354380717,
        0.6280591044835667,
        0.5359276830214659,
        0.3510779629030131,
        0.11736767975831468,
        0.9682830559989928,
        0.42419968604228814,
        0.49602100823544915,
        0.6685041232051351,
        0.47767651818416884,
        0.4093933037194401
      ]
    },
    "HW-Ravatkhoza": {
      "HW-AkKaraDarya": [
        0.2760906731325059,
        0.1722914996921087,
        0.19237103387292417,
        0.3465740113892899,
        0.28956525379740033,
        0.16566394249495425,
        0.1605019613474902,
        0.42829088170404184,
        0.5146663953736419,
        0.014842261036633775,
        0.11316125380115089,
        0.19081111953309074
      ],
      "Bulungur": [
        0.1601997376751325,
        0.16104183364122468,
        0.14096229946040922,
        0.23314496388577807,
        0.22085167749487536,
        0.022016373490765885,
        0.297488409336187,
        0.033054043778082486,
        0.026023387271874303,
        0.2876208159429576,
        0.24067233807293203,
        0.2542281412508403
      ],
      "Jomboy": [
        0.4376965062802446,
        0.21151822618011837,
        0.24882594200553568,
        0.3111117914263833,
        0.10919721092837102,
        0.08568513100586411,
        0.3070139108719935,
        0.020202393018984244,
        0.14728840995990045,
        0.3652997204208406,
        0.23864138226708925,
        0.23401436251816188
      ],
      "Sink-Jizzakh": [
        0.09444715760925906,
        0.12181510715321497,
        0.08450739132779767,
        0.0320720753468257,
        0.045750507712616045,
        0.06162571557797328,
        0.09979931197741639,
        0.05478745748529849,
        0.019761361621857734,
        0.030521198487371066,
        0.036615525835253356,
        0.03211167357526831
      ],
      "Toyloq": [
        0.0260011113757159,
        0.13784715668753877,
        0.18502434485514002,
        0.03832130575254365,
        0.01012248434603787,
        0.32319675483144916,
        0.007402032391731666,
        0.0201015281838891,
        0.1885512120805769,
        0.2939752919347838,
        0.1645446726528553,
        0.005764069734922545
      ],
      "Urgut": [
        0.005564813927142067,
        0.19548617664579457,
        0.14830898847819335,
        0.038775852199179416,
        0.3245128657206993,
        0.34181208259899337,
        0.12779437407518127,
        0.443563695829704,
        0.10370923369214875,
        0.007740712177413241,
        0.20636482737071915,
        0.2830706333877162
      ]
    },
    "HW-AkKaraDarya": {
      "Oqdaryo": [
        0.15249490899131263,
        0.39469181294313704,
        0.591489739250459,
        0.9786665983427907,
        0.11336891620225384,
        0.14974294852629882,
        0.04202405359198822,
        0.02774125071027022,
        0.506598368349764,
        0.988294191341312,
        0.9348499616795064,
        0.3184368298183156
      ],
      "HW-Damkhoza": [
        0.8475050910086874,
        0.605308187056863,
        0.40851026074954094,
        0.021333401657209334,
        0.8866310837977462,
        0.8502570514737011,
        0.9579759464080118,
        0.9722587492897298,
        0.49340163165023604,
        0.01170580865868797,
        0.06515003832049361,
        0.6815631701816844
      ]
    },
    "HW-Damkhoza": {
      "RES-Kattakurgan": [
        0.3891105854295739,
        0.266499017021254,
        0.3301745964808888,
        0.16313091398574875,
        0.4779747137263397,
        0.5936878036521511,
        0.6484759942551036,
        0.3013628918597974,
        0.2978517638916399,
        0.007646753064838667,
        0.3029835996116328,
        0.3215100471637288
      ],