{
  "objective_value": 52010401420.47975,
  "reservoir_parameters": {
    "RES-Kattakurgan": {
      "h1": [
        500.0991009979251,
        498.53173383093065,
        498.782055259941,
        500.16546813552446,
        508.9482555103367,
        510.02085974740015,
        507.97119818894834,
        507.35544135310823,
        507.35899916054166,
        501.69672343882314,
        502.23114401471565,
        498.73893949951685
      ],
      "h2": [
        508.14530052927034,
        506.9101536802633,
        507.0510832853035,
        501.09939553361966,
        510.1058984166792,
        510.54867644108697,
        511.13175368186324,
        508.8470785224301,
        510.87956402863847,
        510.51235320891107,
        509.8203968806604,
        509.2940282822976
      ],
      "w": [
        28.12106008155489,
        29.227048502251275,
        40.829732842859286,
        8.658364924475775,
        67.77699364537443,
        56.26044277843782,
        109.17630105801814,
        74.94964247994821,
        47.96374436069477,
        28.07446448367708,
        27.45205309665612,
        9.72183844428426
      ],
      "m1": [
        1.5394433524639786,
        1.474687989926732,
        1.5114354058587527,
        1.5082384384525145,
        1.4999240516247505,
        1.4769266003186052,
        1.4719612736648648,
        1.5074063091547025,
        1.4794615435959342,
        1.5100490103144397,
        1.5100677704125056,
        1.5530268958883882
      ],
      "m2": [
        1.5035392777804542,
        1.5555038703979307,
        1.4794759570657061,
        1.5098139667185366,
        1.5190841586749628,
        1.567115065079639,
        1.4935629309439988,
        1.5303167069222805,
        1.536949357781996,
        1.4774800520222273,
        1.549241483761871,
        1.5095589925337363
      ]
    },
    "RES-Akdarya": {
      "h1": [
        493.4483517197969,
        487.4667111547901,
        486.38931486092184,
        487.74324029035637,
        488.1681043863731,
        487.6757161675068,
        490.9544089503938,
        491.7660201371537,
        490.2700469193013,
        487.7467371856737,
        491.1758435498166,
        486.9685647136761
      ],
      "h2": [
        494.3907986965618,
        488.0798793166499,
        487.6784365262067,
        489.3155311546744,
        489.4696520853281,
        490.010623680777,
        493.5214787460342,
        493.9374163994164,
        492.9044377343481,
        493.38526397660786,
        495.66685869741434,
        496.18699529320173
      ],
      "w": [
        115.7614472261893,
        92.37879439800015,
        39.62385820480161,
        5.935533586812925,
        82.35697487592014,
        81.43962198013574,
        20.493939519888883,
        120.65969690128664,
        105.85258855039226,
        120.91910338746986,
        122.56255314692542,
        28.57780275609334
      ],
      "m1": [
        1.471002290917829,
        1.4751148650968378,
        1.5039573995315039,
        1.5076521345307394,
        1.5158797928433234,
        1.5004548279854113,
        1.521338387578109,
        1.5335262445868527,
        1.5553119577657142,
        1.4997557774836259,
        1.5564316597377972,
        1.519753264863565
      ],
      "m2": [
        1.4872167028431829,
        1.5245131446298148,
        1.5232457638231727,
        1.5009419607672703,
        1.5118138608627434,
        1.5063125429811435,
        1.5350684482702281,
        1.5512757567938158,
        1.4740255732766354,
        1.5590083597474065,
        1.5314221220583732,
        1.4822635557823898
      ]
    }
  },
  "hydroworks_parameters": {
    "HW-EskiAnkhor": {
      "Pastdargom": [
        0.9035843420156168,
        0.7831279889472976,
        0.4708765808059485,
        0.5,
        0.8779565309020364,
        0.5,
        0.2687457772103936,
        0.74084407228748,
        0.2824569781137331,
        0.09264026316867789,
        0.5294129968250627,
        0.3271862433061695
      ],
      "Nurobod": [
        0.09641565798438329,
        0.21687201105270235,
        0.5291234191940515,
        0.5,
        0.12204346909796357,
        0.5,
        0.7312542227896064,
        0.25915592771252,
        0.717543021886267,
        0.9073597368313221,
        0.47058700317493735,
        0.6728137566938305
      ]
    },
    "HW-Ravatkhoza": {
      "HW-AkKaraDarya": [
        0.15270044505846536,
        0.28024056972662753,
        0.06319565946073764,
        0.25948221832700447,
        0.05010815190427766,
        0.2460286949956797,
        0.059569242395476917,
        0.6466433736768861,
        0.5974719480959404,
        0.1379900891802889,
        0.2401874151310313,
        0.2966587606307963
      ],
      "Bulungur": [
        0.2611152256614194,
        0.053092763606705846,
        0.3270815936184915,
        0.28577204030493886,
        0.05046003866461864,
        0.26734046504690323,
        0.2737640909378564,
        0.15290504367797303,
        0.11796128524032441,
        0.29910368465839865,
        0.11141629500619064,
        0.2826736856187222
      ],
      "Jomboy": [
        0.20650143221341813,
        0.21323544172317654,
        0.49218514567279625,
        0.13427978847856278,
        0.18806538645890886,
        0.0594181722490301,
        0.24338626609437064,
        0.11513052411781162,
        0.08699747474830284,
        0.24506091659477103,
        0.21960433549124425,
        0.24139515541099593
      ],
      "Sink-Jizzakh": [
        0.08697302085219208,
        0.12009789161015683,
        0.01610489559118875,
        0.09992707164604596,
        0.04973822265388466,
        0.2682637748752868,
        0.08994706723896267,
        0.06638088379788491,
        0.0033127824576338586,
        0.1640551073054377,
        0.041745341459516055,
        0.045295395853411934
      ],
      "Toyloq": [
        0.25285372695706954,
        0.14765911482446162,
        0.014859285624097928,
        0.11875795641823166,
        0.3460339638394188,
        0.10130075453766972,
        0.054838295986717404,
        0.012997231146705665,
        0.19279363733452254,
        0.057263028182395,
        0.2671424776663927,
        0.08506198860431224
      ],
      "Urgut": [
        0.03985614925743534,
        0.18567421850887172,
        0.08657342003268798,
        0.10178092482521635,
        0.31559423647889145,
        0.05764813829543043,
        0.2784950373466159,
        0.005942943582738689,
        0.001462872123276022,
        0.09652717407870866,
        0.11990413524562499,
        0.0489150138817614
      ]
    },
    "HW-AkKaraDarya": {
      "Oqdaryo": [
        0.5510637593577625,
        0.7266511589906752,
        0.57648579198361,
        0.2970206881518507,
        0.24011311440871225,
        0.025991116211756805,
        0.1791558134480016,
        0.3551063679140522,
        0.9988679375584308,
        0.5203721389082336,
        0.5382201015973733,
        0.5395821434601802
      ],
      "HW-Damkhoza": [
        0.44893624064223747,
        0.27334884100932477,
        0.42351420801639,
        0.7029793118481493,
        0.7598868855912878,
        0.9740088837882432,
        0.8208441865519984,
        0.6448936320859479,
        0.0011320624415691073,
        0.47962786109176636,
        0.4617798984026268,
        0.46041785653981976
      ]
    },
    "HW-Damkhoza": {
      "RES-Kattakurgan": [
        0.09479603505596229,
        0.06590839961168367,
        0.1355783478107836,
        0.33833420797918523,
        0.7279953178297627,
        0.6960785555803222,
        0.3628662913459897,
        0.2243282215079228,
        0.2127952806325561,
        0.17007452933344386,
        0.28861848467042345,
        0.03623459547527247
      ],