{
  "objective_value": 16988864179.56248,
  "reservoir_parameters": {
    "RES-Kattakurgan": {
      "h1": [
        498.86850849779773,
        498.4852748928261,
        498.52721142360633,
        499.12016169879377,
        508.6702295897717,
        510.3375230097671,
        507.69402495753064,
        509.19870472954807,
        507.523852224081,
        504.96478777234324,
        501.5295482395245,
        502.9820387223519
      ],
      "h2": [
        505.9951988287202,
        510.3930608347147,
        508.90303972389466,
        510.26722139494365,
        510.67276334022796,
        510.7170807205464,
        510.4437714169211,
        509.3511455377513,
        509.110882480942,
        510.196584344522,
        508.1207739753265,
        507.89844616989564
      ],
      "w": [
        32.65432488768813,
        51.32300315452302,
        21.13475693497084,
        34.77656825861608,
        10.364700324154693,
        15.090569288012626,
        86.7773872375439,
        69.03034760875596,
        17.697663199094453,
        24.221575011352346,
        20.312212036024555,
        24.154292581594476
      ],
      "m1": [
        1.5118394318742465,
        1.501228645054145,
        1.5295893603823434,
        1.5583108237936583,
        1.481758269851967,
        1.4776398826969286,
        1.4855566581247868,
        1.5398122532442868,
        1.565536537015342,
        1.50083416221889,
        1.4969030751011672,
        1.502996342502739
      ],
      "m2": [
        1.52053741836168,
        1.489768848862772,
        1.5068256515487197,
        1.5174737038477168,
        1.553239148551734,
        1.540666330603458,
        1.5238758284428706,
        1.480571488124438,
        1.4918077667212337,
        1.565386105149187,
        1.5178781929691156,
        1.560771450243726
      ]
    },
    "RES-Akdarya": {
      "h1": [
        491.818773288531,
        493.9746506107084,
        485.81389694791255,
        491.3430756302298,
        490.79607518875565,
        485.92328362451593,
        487.44695038738024,
        486.18409486316824,
        490.70593518497174,
        488.4109225958357,
        487.0290842938802,
        488.4846394969698
      ],
      "h2": [
        495.95669114524526,
        494.13027143683564,
        488.5052040363233,
        495.85702399090405,
        492.13015916766926,
        486.02816907138055,
        496.1625488177751,
        489.34502388199576,
        495.9576636233038,
        488.5860726475411,
        490.33214402700906,
        491.7272785569566
      ],
      "w": [
        90.92806260751821,
        97.63798007717834,
        91.62244739762063,
        99.82587001240941,
        83.99227944409574,
        124.52383383937791,
        17.911144381718938,
        122.05868670741408,
        122.73162622971955,
        107.95386529978204,
        57.222576014836086,
        45.710011501452364
      ],
      "m1": [
        1.5353863448386131,
        1.508160828218689,
        1.5342886163463239,
        1.5571971746122069,
        1.564973331398499,
        1.5108107693880615,
        1.5213071631312824,
        1.5036821125856705,
        1.505342876293395,
        1.5165225774046927,
        1.494769975569836,
        1.5378488252111213
      ],
      "m2": [
        1.4916039422503131,
        1.5470662992292579,
        1.5106995882990704,
        1.554345577712457,
        1.4856769261261087,
        1.5545059811387212,
        1.5348361940594533,
        1.5563031986224403,
        1.561361329311368,
        1.5238069064583601,
        1.5500987101934638,
        1.5014219042677577
      ]
    }
  },
  "hydroworks_parameters": {
    "HW-EskiAnkhor": {
      "Pastdargom": [
        0.904506007053485,
        0.7885793973363492,
        0.07352397796550607,
        0.054810250538799246,
        0.7311088722596557,
        0.8275146621063405,
        0.7579518764086071,
        0.5940120111144389,
        0.4666637815834814,
        0.49040008910996075,
        0.46423167759772466,
        0.49453951575234933
      ],
      "Nurobod": [
        0.09549399294651499,
        0.21142060266365084,
        0.926476022034494,
        0.9451897494612007,
        0.26889112774034424,
        0.1724853378936595,
        0.24204812359139297,
        0.40598798888556104,
        0.5333362184165186,
        0.5095999108900392,
        0.5357683224022753,
        0.5054604842476507
      ]
    },
    "HW-Ravatkhoza": {
      "HW-AkKaraDarya": [
        0.15583484763023028,
        0.13403707149403674,
        0.14430104279674064,
        0.127434316308721,
        0.08096465423872148,
        0.17140297509828223,
        0.20531663517353702,
        0.3620956792285424,
        0.015737887262684266,
        0.4477196298746382,
        0.02747936947326716,
        0.09282430325930695
      ],
      "Bulungur": [
        0.17749848570310303,
        0.1992962618392966,
        0.2926299971276458,
        0.19578280354574654,
        0.006122507870516747,
        0.0729136324895637,
        0.001328669220215126,
        0.031221898852940955,
        0.2129006947394385,
        0.2340005436499409,
        0.31725831699107865,
        0.24050903007402635
      ],
      "Jomboy": [
        0.24138090491973477,
        0.20071526239978646,
        0.27557268572872906,
        0.5190610497047458,
        0.3388404144148956,
        0.08049611230990343,
        0.0068044469245035245,
        0.0367917958845364,
        0.5705676507079108,
        0.06535180372082798,
        0.16471040540546786,
        0.2715677644528912
      ],
      "Sink-Jizzakh": [
        0.09195242841359859,
        0.13261807093354688,
        0.02497018407108976,
        0.04941534509749121,
        0.09658323399512296,
        0.058318620302569874,
        0.2287850106923188,
        0.08586082290597723,
        0.026535602049176023,
        0.06476454838337897,
        0.09534807998972601,
        0.061765568880442136
      ],
      "Toyloq": [
        0.13017363931782225,
        0.06507773592785028,
        0.07902277906193789,
        0.004218357421881147,
        0.05788839571787296,
        0.28252930437411516,
        0.2749021238036281,
        0.4768949415609153,
        0.057897410301946964,
        0.03154472660759248,
        0.3543196328783976,
        0.2228184095006367
      ],
      "Urgut": [
        0.203159694015511,
        0.26825559740548305,
        0.18350331121385685,
        0.10408812792141435,
        0.4196007937628703,
        0.3343393554255656,
        0.2828631141857974,
        0.007134861567087727,
        0.11636075493884343,
        0.15661874776362156,
        0.040884195262062606,
        0.11051492383269668
      ]
    },
    "HW-AkKaraDarya": {
      "Oqdaryo": [
        0.59265676011336,
        0.3028279899717999,
        0.5003829077207923,
        0.21566038815144709,
        0.33698848585356056,
        0.1016373416315605,
        0.041421801257094715,
        0.10295277665351382,
        0.33727796385124376,
        0.7257962733370227,
        0.4599179143479426,
        0.08114778653284467
      ],
      "HW-Damkhoza": [
        0.4073432398866401,
        0.6971720100282001,
        0.49961709227920764,
        0.7843396118485529,
        0.6630115141464394,
        0.8983626583684395,
        0.9585781987429053,
        0.8970472233464862,
        0.6627220361487562,
        0.2742037266629773,
        0.5400820856520574,
        0.9188522134671553
      ]
    },
    "HW-Damkhoza": {
      "RES-Kattakurgan": [
        0.4094066087859701,
        0.029709849480301417,
        0.2751655354581036,
        0.09450266765316728,
        0.27976465886357754,
        0.520490903716219,
        0.5763471211861004,
        0.508716380389172,
        0.0779551797711982,
        0.39099065436141317,
        0.48675351290663693,
        0.09645305075855473
      ],