{
  "objective_value": 21482191055.467693,
  "reservoir_parameters": {
    "RES-Kattakurgan": {
      "h1": [
        500.31908003114205,
        498.60071258066756,
        498.51197239272693,
        509.487811958231,
        503.3121599343593,
        510.5762948543725,
        510.23264368369627,
        508.1210449226187,
        506.2407802993669,
        504.2645321459939,
        509.98912614799536,
        503.8975904810402
      ],
      "h2": [
        509.2882481358314,
        502.06912216791414,
        505.08215104693556,
        509.878428190742,
        509.4014525398538,
        510.8125466236158,
        510.298360576508,
        510.0160570424304,
        510.12810150241904,
        504.9187268060359,
        510.4275361380194,
        509.1318412089241
      ],
      "w": [
        28.742057544693374,
        25.283289968656906,
        76.47705914533911,
        54.72660957476404,
        15.123377141195729,
        88.61358916918883,
        67.85908224631599,
        82.05190452761614,
        17.39947284947739,
        112.22956435032016,
        29.217698091704325,
        15.459522344261622
      ],
      "m1": [
        1.5670698303383548,
        1.5322971668310534,
        1.516778266707727,
        1.5556091359748876,
        1.5202961845046579,
        1.499843304000546,
        1.5186919411038353,
        1.505125759894485,
        1.4879560951919077,
        1.473494711580089,
        1.518365905952783,
        1.5647520248434053
      ],
      "m2": [
        1.5577695783316834,
        1.5015821294973901,
        1.5691803941151696,
        1.505521252572729,
        1.5104742190787297,
        1.4975832342008892,
        1.512765087885028,
        1.5379970726012504,
        1.5391880152541833,
        1.53538185821636,
        1.5058665794505315,
        1.5515204143606973
      ]
    },
    "RES-Akdarya": {
      "h1": [
        493.6376297654476,
        494.8109421663177,
        488.6468961932532,
        488.5988548755932,
        488.14597695348675,
        489.98913841691217,
        486.1397012884734,
        490.9629719829213,
        485.65775901385433,
        491.28714501206247,
        486.959415534677,
        489.97060539964764
      ],
      "h2": [
        496.1347857218202,
        495.4542773468824,
        492.6932967056206,
        488.9185994007295,
        495.9877180840551,
        494.80799494949815,
        495.6349850792841,
        493.0260160867846,
        491.52244209304524,
        494.8181678632384,
        495.76197461192277,
        492.4905214470638
      ],
      "w": [
        80.41429145924202,
        13.586857627511634,
        109.56311829465163,
        35.641733651406035,
        47.80716726501022,
        29.765655317366566,
        38.94842465845512,
        18.76254586074984,
        105.43565291724374,
        27.532054321399656,
        61.160229124961106,
        70.91497392532585
      ],
      "m1": [
        1.4920098938365511,
        1.5618845403554733,
        1.5606240554191322,
        1.55483633598502,
        1.5242132286744712,
        1.4715641096978522,
        1.4788791944558044,
        1.5297890511331158,
        1.5593926616990046,
        1.500005360127631,
        1.4829059589247378,
        1.5159298274189
      ],
      "m2": [
        1.5239967319494603,
        1.481472656500271,
        1.5519702016675971,
        1.5621690787401412,
        1.5241759277117326,
        1.5467144970305613,
        1.5002357661191061,
        1.5629784045853243,
        1.53774655327935,
        1.554233313906576,
        1.534316697269403,
        1.545741801506379
      ]
    }
  },
  "hydroworks_parameters": {
    "HW-EskiAnkhor": {
      "Pastdargom": [
        0.7568465266318455,
        0.681744550415971,
        0.059232369727068405,
        0.14888161762015062,
        0.6112400147797137,
        0.7994292501899553,
        0.7342106656402619,
        0.29871695244555,
        0.4629539103970357,
        0.473508527631115,
        0.6374874624286119,
        0.584015414036661
      ],
      "Nurobod": [
        0.2431534733681545,
        0.31825544958402896,
        0.9407676302729316,
        0.8511183823798494,
        0.3887599852202863,
        0.2005707498100448,
        0.265789334359738,
        0.7012830475544499,
        0.5370460896029643,
        0.526491472368885,
        0.3625125375713881,
        0.41598458596333904
      ]
    },
    "HW-Ravatkhoza": {
      "HW-AkKaraDarya": [
        0.275777282647679,
        0.19268551745845777,
        0.09378557881472063,
        0.07078388226240867,
        0.4537685441245091,
        0.12986991026143616,
        0.20907997160387914,
        0.1562689406283462,
        0.027847757278886696,
        0.23838621367560844,
        0.16793475043131623,
        0.17425819198750706
      ],
      "Bulungur": [
        0.23376595000801262,
        0.14064781587487554,
        0.23954775451861277,
        0.2195595465924049,
        0.02256595442202292,
        0.017253609752354227,
        0.03255235096515676,
        0.14595180247639425,
        0.25203934156782143,
        0.23998011888887597,
        0.16539858290201706,
        0.21760004011890077
      ],
      "Jomboy": [
        0.11038501706733259,
        0.1990885944256107,
        0.27848455226009317,
        0.5244474300851426,
        0.22064629286644122,
        0.32233963359547346,
        0.2342174893849363,
        0.33253267486382637,
        0.3705912566961827,
        0.13101014720642215,
        0.30286126535522334,
        0.3181340383402107
      ],
      "Sink-Jizzakh": [
        0.1346205457221384,
        0.13424473890772265,
        0.05484878107324022,
        0.11555955250978853,
        0.027816636755982643,
        0.0440831187396736,
        0.12178825272223225,
        0.09757408256590308,
        0.08441731710248487,
        0.0996295523811958,
        0.03047206797811003,
        0.0291516618729426
      ],
      "Toyloq": [
        0.011838820337067239,
        0.3048537045072583,
        0.13269073615992816,
        0.027963136897105265,
        0.2288909792431147,
        0.1701135775870704,
        0.1711461394100216,
        0.1762080104064303,
        0.15956621984518776,
        0.22794249731828045,
        0.0005685923621114982,
        0.2122474001763696
      ],
      "Urgut": [
        0.23361238421777022,
        0.02847962882607506,
        0.2006425971734052,
        0.04168645165315002,
        0.04631159258792945,
        0.31634015006399224,
        0.23121579591377395,
        0.09146448905909982,
        0.10553810750943654,
        0.06305147052961706,
        0.33276474097122183,
        0.04860866750406938
      ]
    },
    "HW-AkKaraDarya": {
      "Oqdaryo": [
        0.2541763484030827,
        0.35594612493014954,
        0.9497880835155512,
        0.33642381365340734,
        0.10485626475749757,
        0.12152197762257111,
        0.07522270875185458,
        0.3293988082618556,
        0.3092548970567102,
        0.25203619191235227,
        0.8135623731183572,
        0.8195446656819043
      ],
      "HW-Damkhoza": [
        0.7458236515969174,
        0.6440538750698505,
        0.05021191648444882,
        0.6635761863465927,
        0.8951437352425025,
        0.8784780223774289,
        0.9247772912481454,
        0.6706011917381444,
        0.6907451029432898,
        0.7479638080876477,
        0.18643762688164275,
        0.18045533431809568
      ]
    },
    "HW-Damkhoza": {
      "RES-Kattakurgan": [
        0.25825780981755103,
        0.14960986415324226,
        0.07473778051693539,
        0.06908901992111452,
        0.6209460562964669,
        0.7590873747790614,
        0.6831454537180535,
        0.20342054508552088,
        0.003935816908755418,
        0.1626838183537955,
        0.06690390490670366,
        0.19733230332880156
      ],