{
  "objective_value": 25291578640.121323,
  "reservoir_parameters": {
    "RES-Kattakurgan": {
      "h1": [
        499.56278700446177,
        499.71825248108127,
        498.6708228737683,
        502.043025036591,
        502.38786075180343,
        503.81376745962655,
        510.0961670846122,
        508.49160198064646,
        509.1480220170958,
        505.90832962368256,
        505.4286208425031,
        502.5180755980367
      ],
      "h2": [
        509.9827699234826,
        502.00491245479617,
        507.90428849495873,
        503.5715640531134,
        504.05762986599564,
        508.24664640118084,
        510.29088613440223,
        509.39348253068624,
        509.6382284638639,
        511.0774072431564,
        510.4625476652313,
        505.9261073452595
      ],
      "w": [
        29.442059494243875,
        102.22128371415756,
        35.008841197246994,
        67.79076239199932,
        16.5935986953301,
        0.6449583684012272,
        0.054216272302495816,
        4.532955946316572,
        23.63284495592223,
        13.392472859317078,
        18.141884365485723,
        10.129322543301914
      ],
      "m1": [
        1.5001528811965172,
        1.482553647064291,
        1.5653271785107599,
        1.5021912520716398,
        1.5258012480311949,
        1.5139684828981845,
        1.5284940309139186,
        1.5492417229578679,
        1.4720814894222185,
        1.5665172084188224,
        1.5328893590898303,
        1.5026284911912435
      ],
      "m2": [
        1.5286817290942147,
        1.5296836137068859,
        1.5584031368913493,
        1.5641127601079179,
        1.5102678196660313,
        1.5108422063267406,
        1.4949145360113145,
        1.5481836228438417,
        1.5245507099341937,
        1.551103225850587,
        1.48648237085002,
        1.488669087843813
      ]
    },
    "RES-Akdarya": {
      "h1": [
        488.1254625883717,
        491.6806557954256,
        487.5506825124293,
        485.98097889188864,
        488.91207235493977,
        486.63361956313076,
        486.04414527375,
        489.89987673372997,
        488.50466300683627,
        489.41662798453206,
        486.4765916148781,
        490.0640280833858
      ],
      "h2": [
        490.45371651968003,
        496.67621579950645,
        494.571360430917,
        496.27283123406556,
        492.5510991654507,
        488.0087829276905,
        490.6017017074466,
        489.92862091476485,
        495.9274197098546,
        494.6559840769536,
        491.91153995140047,
        492.0854800289554
      ],
      "w": [
        58.740935510817174,
        6.660271104898142,
        15.82053562092539,
        62.789668106943125,
        71.20565998244173,
        28.49769627408677,
        52.27505651526672,
        67.05317346942499,
        30.935461368420235,
        55.49736467455413,
        63.234289734699466,
        36.570144481983455
      ],
      "m1": [
        1.4840291690666325,
        1.5211929825150945,
        1.5248349505537822,
        1.562186978950972,
        1.506372046086375,
        1.5583211557211472,
        1.4983794624574591,
        1.5299759246204154,
        1.4811855121443007,
        1.4934875148985365,
        1.4831096301755025,
        1.5481626565129911
      ],
      "m2": [
        1.567912645108965,
        1.5038229029939718,
        1.5185396349931948,
        1.5457781415840286,
        1.5424620325079876,
        1.5319802016631994,
        1.5159903391146137,
        1.4760644632328668,
        1.5363093254821631,
        1.5534404339158532,
        1.5545937971952926,
        1.5593765755016862
      ]
    }
  },
  "hydroworks_parameters": {
    "HW-EskiAnkhor": {
      "Pastdargom": [
        0.2896161741835511,
        0.7707150138016176,
        0.38383368300854,
        0.033262606074154655,
        0.7891728057459065,
        0.7651257364989587,
        0.808729679398624,
        0.13007282385698418,
        0.11674861883063481,
        0.41418538563969104,
        0.3078815622563702,
        0.5142849612164759
      ],
      "Nurobod": [
        0.7103838258164489,
        0.2292849861983825,
        0.61616631699146,
        0.9667373939258453,
        0.21082719425409346,
        0.23487426350104135,
        0.19127032060137608,
        0.8699271761430158,
        0.8832513811693652,
        0.585814614360309,
        0.6921184377436298,
        0.485715038783524
      ]
    },
    "HW-Ravatkhoza": {
      "HW-AkKaraDarya": [
        0.17966276949620222,
        0.18158385042789488,
        0.23211153563574508,
        0.2528228491609764,
        0.06987940386954641,
        0.40069500672769737,
        0.1335817718031806,
        0.07477147878095337,
        0.053683672526551075,
        0.06837475051011924,
        0.03831336687223055,
        0.015536633744924597
      ],
      "Bulungur": [
        0.20176782615212255,
        0.20764417801623233,
        0.32371495679172735,
        0.27758192397146175,
        0.2522128262204343,
        0.13070297774028183,
        0.012934785579647019,
        0.21926808736950476,
        0.3098515228924203,
        0.30399290245156146,
        0.3771898186237474,
        0.383938592701375
      ],
      "Jomboy": [
        0.24123709358107204,
        0.11652166375590653,
        0.03405481444740462,
        0.2783100984254003,
        0.06738810776385835,
        0.002905237153923549,
        0.043719089073203654,
        0.42520594297740555,
        0.45140062726433045,
        0.3868675567257778,
        0.14085163396076214,
        0.33559752294606443
      ],
      "Sink-Jizzakh": [
        0.17955663904972533,
        0.11177207671159764,
        0.04022170714365289,
        0.036529428558270426,
        0.05976389930700931,
        0.06911257543046564,
        0.057109661776741455,
        0.06638505298079252,
        0.052617767153209455,
        0.04159817094513539,
        0.11765062449487931,
        0.06457483422490913
      ],
      "Toyloq": [
        0.028905598099146595,
        0.19714123295257488,
        0.20957294334776455,
        0.002659775452876712,
        0.16025977595683283,
        0.014334295658254243,
        0.3781025266550113,
        0.015957871515970938,
        0.04631563675820567,
        0.01676494232516722,
        0.15107488087461582,
        0.16012826931785165
      ],
      "Urgut": [
        0.1688700736217314,
        0.1853369981357937,
        0.16032404263370553,
        0.15209592443101438,
        0.3904959868823188,
        0.38224990728937736,
        0.37455216511221595,
        0.19841156637537283,
        0.08613077340528302,
        0.18240167704223892,
        0.17491967517376478,
        0.040224147064875156
      ]
    },
    "HW-AkKaraDarya": {
      "Oqdaryo": [
        0.5735176376568993,
        0.570380466775673,
        0.7456146238297606,
        0.9296665401846087,
        0.30736930070618923,
        0.05927204179374766,
        0.09156530670913142,
        0.15964876071555176,
        0.02201836134722059,
        0.622788954880993,
        0.9215251138503395,
        0.14169910019893406
      ],
      "HW-Damkhoza": [
        0.4264823623431006,
        0.42961953322432705,
        0.2543853761702393,
        0.07033345981539134,
        0.6926306992938108,
        0.9407279582062523,
        0.9084346932908686,
        0.8403512392844482,
        0.9779816386527794,
        0.3772110451190071,
        0.07847488614966051,
        0.8583008998010659
      ]
    },
    "HW-Damkhoza": {
      "RES-Kattakurgan": [
        0.3374364004087719,
        0.1771412868744506,
        0.08622106257275879,
        0.16839226725966475,
        0.45816232396041834,
        0.49881010523500474,
        0.6893444336388488,
        0.2578021635331938,
        0.02739459016901336,
        0.15536232709278308,
        0.4791417414612799,
        0.06679311381475088
      ],