{
  "objective_value": 20325057680.60234,
  "reservoir_parameters": {
    "RES-Kattakurgan": {
      "h1": [
        501.7578537878154,
        500.64478745697335,
        498.5734495897521,
        500.90141876364225,
        508.1128946243824,
        509.1008861875586,
        507.05636993735055,
        506.67573363944587,
        507.27420141019,
        501.1314412792557,
        502.41774161650306,
        503.6205117240205
      ],
      "h2": [
        507.40745998949296,
        510.68608711456653,
        509.21575838153143,
        506.6891701335776,
        509.42195995626884,
        509.21203467788905,
        508.89676879217717,
        510.8717049745593,
        507.8365396240794,
        510.3400010047642,
        508.81687407271113,
        510.82261908841355
      ],
      "w": [
        114.94033148546698,
        123.35553951118193,
        58.15396769021258,
        44.41979686703787,
        70.80340907710682,
        64.35830248428256,
        110.68393312790258,
        85.6961306646256,
        37.24955661343891,
        13.437932135293387,
        2.291035993823604,
        22.149725240424967
      ],
      "m1": [
        1.490317945019555,
        1.4919594992841285,
        1.563447758083886,
        1.4767620157704817,
        1.5083730080886497,
        1.5037339190429797,
        1.490666455414473,
        1.5028023898110678,
        1.535358892369132,
        1.5078805057640852,
        1.544893192362952,
        1.5037154688036527
      ],
      "m2": [
        1.5522345525902,
        1.569665298823007,
        1.537724544340375,
        1.516317572846009,
        1.5274294348371955,
        1.5170680570333004,
        1.5023123657806257,
        1.5010247271688575,
        1.5152767034300199,
        1.5181016766550957,
        1.5293734943390513,
        1.4703987019972105
      ]
    },
    "RES-Akdarya": {
      "h1": [
        492.3141564634034,
        487.7227023477854,
        487.3282566017829,
        488.40811779523864,
        491.212098571991,
        490.17524616069835,
        488.95849403541126,
        490.5909047999237,
        490.8981998423804,
        491.77756164325285,
        486.8726291034922,
        486.91589147401663
      ],
      "h2": [
        494.12898363071116,
        493.2950074943386,
        488.32117171821466,
        492.1479776187815,
        492.6793057004662,
        496.1645095141936,
        490.1097103430768,
        496.59926275406747,
        496.50030976307806,
        494.5334202509231,
        488.05398901622107,
        488.6196201502263
      ],
      "w": [
        6.772524525039583,
        94.27051340749605,
        46.731174910138286,
        27.785575841544105,
        1.1227468829688863,
        90.92911159706327,
        96.7247861812923,
        44.33649415042181,
        79.34281336773483,
        19.976936260258537,
        54.30606378278532,
        77.5458213821941
      ],
      "m1": [
        1.4815854782109343,
        1.544123768132065,
        1.5229047626433263,
        1.50626494044511,
        1.5529473582283149,
        1.546187160150605,
        1.5511314042390185,
        1.503876633991256,
        1.4985221852817407,
        1.542242595964325,
        1.5443960348561103,
        1.4864402895935085
      ],
      "m2": [
        1.4746452877428071,
        1.5298518856544137,
        1.5595238832850573,
        1.4986904812549646,
        1.5106194766977117,
        1.5388593199653986,
        1.4813433239927256,
        1.4758007898756011,
        1.5350605978796705,
        1.5505939991877349,
        1.4826692392168515,
        1.5688782980871052
      ]
    }
  },
  "hydroworks_parameters": {
    "HW-EskiAnkhor": {
      "Pastdargom": [
        0.7484496946722861,
        0.7911328803549309,
        0.22604073614190065,
        0.3945960572045512,
        0.6725146227201855,
        0.7203924172694673,
        0.7590487072933211,
        0.45994922961144663,
        0.4006981937443453,
        0.27787443140741863,
        0.5470383423547217,
        0.5366165524601016
      ],
      "Nurobod": [
        0.25155030532771394,
        0.2088671196450691,
        0.7739592638580993,
        0.6054039427954488,
        0.3274853772798146,
        0.2796075827305327,
        0.24095129270667892,
        0.5400507703885534,
        0.5993018062556547,
        0.7221255685925814,
        0.4529616576452783,
        0.46338344753989835
      ]
    },
    "HW-Ravatkhoza": {
      "HW-AkKaraDarya": [
        0.3413942392485369,
        0.23629597719773457,
        0.023560235887127277,
        0.21878817022186114,
        0.2102577463477001,
        0.3181001891333508,
        0.15266931515240686,
        0.2060378498398182,
        0.04785828037272365,
        0.005865965971181801,
        0.1617798943031152,
        0.2028913405415474
      ],
      "Bulungur": [
        0.0896545604460955,
        0.22999275747749995,
        0.3069897338826026,
        0.46501844925485875,
        0.0698270900986154,
        0.09670133289795478,
        0.2691307873781846,
        0.12729548349351513,
        0.4154365373934144,
        0.41223471119933075,
        0.29539264579961794,
        0.42946645933754496
      ],
      "Jomboy": [
        0.32371472855837846,
        0.0870874848087307,
        0.283914582441944,
        0.2430948705711019,
        0.32128378500860744,
        0.025390321698803064,
        0.010904099280741805,
        0.27564030958939434,
        0.30867405233667916,
        0.307242398600412,
        0.24230954910100275,
        0.07230775546370402
      ],
      "Sink-Jizzakh": [
        0.13109332042610675,
        0.10792405484034821,
        0.04663538732778591,
        0.018424170517991185,
        0.05940274019561266,
        0.20390246963677733,
        0.09437507305407458,
        0.057693023743938955,
        0.028451798585824632,
        0.046880281857015496,
        0.009507658584872226,
        0.03647062094060613
      ],
      "Toyloq": [
        0.1005296197606412,
        0.2679778959101302,
        0.04611931947510751,
        0.05325486037283813,
        0.07432189395860764,
        0.3020466937956704,
        0.27128474370045014,
        0.18254543227042086,
        0.16503645224421226,
        0.025895622375601172,
        0.1643547323480691,
        0.18771988934490777
      ],
      "Urgut": [
        0.013613531560241256,
        0.07072182976555638,
        0.2927807409854327,
        0.0014194790613489626,
        0.26490674439085665,
        0.053858992837443706,
        0.20163598143414196,
        0.15078790106291245,
        0.03454287906714596,
        0.20188101999645885,
        0.12665551986332282,
        0.0711439343716897
      ]
    },
    "HW-AkKaraDarya": {
      "Oqdaryo": [
        0.9451049151605446,
        0.021564005658801805,
        0.635213760595698,
        0.8744364444340043,
        0.3909431368869724,
        0.05433971958679795,
        0.05350028968379209,
        0.10762399680556943,
        0.34469173043085904,
        0.4504311515636312,
        0.5598480119277996,
        0.3068347827736266
      ],
      "HW-Damkhoza": [
        0.05489508483945536,
        0.9784359943411982,
        0.36478623940430205,
        0.12556355556599572,
        0.6090568631130275,
        0.945660280413202,
        0.9464997103162079,
        0.8923760031944306,
        0.655308269569141,
        0.5495688484363688,
        0.4401519880722004,
        0.6931652172263735
      ]
    },
    "HW-Damkhoza": {
      "RES-Kattakurgan": [
        0.28600712972942216,
        0.1780459052081631,
        0.1133560621049531,
        0.009814057103859493,
        0.2846250802495255,
        0.5190491504203644,
        0.4615352464408826,
        0.031826080260802005,
        0.1482334290374084,
        0.07224585814964667,
        0.0893539645115898,
        0.2750634379593773
      ],