{
  "objective_value": 32572371916.872288,
  "reservoir_parameters": {
    "RES-Kattakurgan": {
      "h1": [
        498.55854825715136,
        500.4536043158777,
        498.574934315577,
        498.5432144488711,
        508.96391028697457,
        506.25358772897283,
        508.10954285334446,
        508.6095627801161,
        505.05406241799767,
        501.33437754802367,
        500.3400033958685,
        503.3617883430035
      ],
      "h2": [
        510.47926298721666,
        510.39370467335505,
        511.091959780743,
        501.0143555913147,
        510.07029840382506,
        508.7024619814856,
        510.9549442887582,
        510.0131347206507,
        510.45837316910263,
        508.1132507300169,
        510.8377183520841,
        509.66662739977454
      ],
      "w": [
        19.186352405750423,
        92.99597569209267,
        64.86801397691083,
        56.356934427758425,
        39.344531612563514,
        78.49322064889222,
        30.39078242669352,
        96.71737749191892,
        13.063059238570569,
        18.029271407817195,
        2.408499924186125,
        17.988108233063475
      ],
      "m1": [
        1.4763941155267866,
        1.4818966446686574,
        1.5094053479885938,
        1.5575894855369954,
        1.4905056769199423,
        1.509872417068924,
        1.5092971855077668,
        1.5589401778899503,
        1.4950696113842203,
        1.473768749487331,
        1.5106204626311175,
        1.5639815318374481
      ],
      "m2": [
        1.473320405818859,
        1.502701765791605,
        1.5244374581556945,
        1.5393660852196895,
        1.5095353661709798,
        1.5575811670544943,
        1.504021702133705,
        1.5628593627200662,
        1.5375635966553172,
        1.5586154576439657,
        1.5389136456318808,
        1.5344964896604643
      ]
    },
    "RES-Akdarya": {
      "h1": [
        488.03325760317097,
        488.41366358220137,
        490.29941287964795,
        487.6778272856704,
        485.5560065915502,
        486.40665363540506,
        490.93542241306403,
        490.7020593152547,
        485.44081623064153,
        486.7126807075675,
        487.4677222875711,
        485.98577623264924
      ],
      "h2": [
        494.03887871318767,
        492.5519170171851,
        494.2342302313659,
        495.37967612934233,
        490.5900294799476,
        488.0729729539061,
        494.4027545471782,
        492.3206215587044,
        491.8767017942492,
        495.2365328315316,
        490.1085249449991,
        488.0973061142439
      ],
      "w": [
        106.63870881053082,
        65.48661160553407,
        10.360382662308487,
        96.21594564618147,
        26.26927399794829,
        100.0532454413444,
        4.072040674949235,
        16.947461380998465,
        48.442661610726596,
        77.32798943671902,
        102.4585273293088,
        16.576130938859194
      ],
      "m1": [
        1.534205297613864,
        1.5646553314278784,
        1.5339956620206001,
        1.5595139396006832,
        1.5455994589728403,
        1.4936312280880106,
        1.5634991406544765,
        1.4885096577299912,
        1.5216356582682529,
        1.470622853146802,
        1.5577763327891185,
        1.5503680976974792
      ],
      "m2": [
        1.471301690828418,
        1.5446796843035149,
        1.4935032132363784,
        1.47671686659023,
        1.5367176067714843,
        1.4925101436289883,
        1.5529114612250312,
        1.5429617873700006,
        1.5040778576923888,
        1.5169069309446621,
        1.4862570541711637,
        1.4703080403636415
      ]
    }
  },
  "hydroworks_parameters": {
    "HW-EskiAnkhor": {
      "Pastdargom": [
        0.6092275173511442,
        0.6284461489247599,
        0.46566504754698146,
        0.1105787300467233,
        0.5,
        0.8045542113596285,
        0.700497102190264,
        0.29337998268147736,
        0.03152104829183502,
        0.2779563931342657,
        0.8834628690137697,
        0.5096635723610183
      ],
      "Nurobod": [
        0.3907724826488558,
        0.37155385107524,
        0.5343349524530185,
        0.8894212699532767,
        0.5,
        0.1954457886403715,
        0.2995028978097361,
        0.7066200173185226,
        0.968478951708165,
        0.7220436068657343,
        0.11653713098623028,
        0.4903364276389817
      ]
    },
    "HW-Ravatkhoza": {
      "HW-AkKaraDarya": [
        0.36160287445272116,
        0.037359252749310956,
        0.15390675246107935,
        0.10970172664192768,
        0.23212044636335186,
        0.32628493689936316,
        0.32209163272188523,
        0.21092070557652973,
        0.07838372454503295,
        0.1969671757675641,
        0.013898293887348307,
        0.275753339473925
      ],
      "Bulungur": [
        0.3126890673842864,
        0.2959740805840224,
        0.17942658087225402,
        0.32082239156795356,
        0.2180852653276591,
        0.05942485989119954,
        0.010007168208852583,
        0.17535985837422577,
        0.5081833929476923,
        0.3404613528836615,
        0.2239498270978465,
        0.04063364757742624
      ],
      "Jomboy": [
        0.13157537354629467,
        0.22491349360657756,
        0.2668042417389827,
        0.33484870156556784,
        0.2535133693517288,
        0.0819620538264234,
        0.15957030777020537,
        0.28357642378994136,
        0.26373083945640724,
        0.19025236904200596,
        0.25907802857210194,
        0.36157695341980656
      ],
      "Sink-Jizzakh": [
        0.08654158614320955,
        0.1084198397267558,
        0.0665290915943506,
        0.04638131533894389,
        0.03527371205077937,
        0.07446416654754413,
        0.05768816631262293,
        0.07472447311402881,
        0.015974311688860297,
        0.0854104966886939,
        0.02011050370001977,
        0.026463631008733647
      ],
      "Toyloq": [
        0.08299847019547518,
        0.11740944581574009,
        0.039538888391384315,
        0.15009497323291962,
        0.12836821101979357,
        0.24464528781926456,
        0.12353090339069597,
        0.2518845561591359,
        0.015741879375873957,
        0.06960553004736367,
        0.2453023108680186,
        0.048619441311439984
      ],
      "Urgut": [
        0.024592628278013152,
        0.21592388751759328,
        0.293794444941949,
        0.038150891652687445,
        0.13263899588668726,
        0.21321869501620522,
        0.327111821595738,
        0.003533982986138503,
        0.11798585198613322,
        0.11730307557071086,
        0.23766103587466492,
        0.2469529872086686
      ]
    },
    "HW-AkKaraDarya": {
      "Oqdaryo": [
        0.6797744770780221,
        0.5916215442903707,
        0.35927402087190996,
        0.0068399828512474715,
        0.11500655775712963,
        0.25572616538062976,
        0.07306193320854096,
        0.12934322367217121,
        0.19659418951348945,
        0.488220425699691,
        0.9399629522610687,
        0.6481841870126895
      ],
      "HW-Damkhoza": [
        0.3202255229219779,
        0.40837845570962933,
        0.64072597912809,
        0.9931600171487526,
        0.8849934422428704,
        0.7442738346193702,
        0.9269380667914591,
        0.8706567763278288,
        0.8034058104865105,
        0.5117795743003091,
        0.06003704773893127,
        0.35181581298731046
      ]
    },
    "HW-Damkhoza": {
      "RES-Kattakurgan": [
        0.3727465601731964,
        0.131665969181737,
        0.13077327615458872,
        0.03090204478724657,
        0.29994306859747616,
        0.587533491742193,
        0.5667716794641733,
        0.22413701512169254,
        0.3848565454303788,
        0.25786246332943746,
        0.019006665019244594,
        0.041251989174472904
      ],