{
  "objective_value": 24439145361.079792,
  "reservoir_parameters": {
    "RES-Kattakurgan": {
      "h1": [
        502.8303214013024,
        499.54377245848553,
        498.70092665095177,
        500.97741051789586,
        509.0036407981305,
        510.82221081901685,
        508.83447956088156,
        507.8946676080924,
        505.89410561228823,
        506.1580588494128,
        503.7605686743007,
        503.6666628710274
      ],
      "h2": [
        508.2487131208044,
        508.1702581997946,
        502.05494358392326,
        508.8700749324469,
        509.77680989064817,
        511.0927935604367,
        509.7146419132181,
        508.8407304865445,
        510.87990910261993,
        507.0040213719644,
        507.61512794868764,
        509.7266641816974
      ],
      "w": [
        117.03103627036529,
        38.18476216406487,
        74.57010761082603,
        116.96577991594663,
        15.867991382384927,
        3.4752800372503807,
        65.43899015970356,
        2.0038148587078615,
        14.38758757946737,
        31.34956545040589,
        11.302891653659538,
        78.29219745216075
      ],
      "m1": [
        1.5012140949597728,
        1.5213014960379652,
        1.5257796278881466,
        1.5517690468729504,
        1.490884570463382,
        1.4770688808454762,
        1.527401422264145,
        1.569745702661688,
        1.5368442510572897,
        1.5370763244761876,
        1.5194288457948522,
        1.4783556150695547
      ],
      "m2": [
        1.5432328943844003,
        1.5246470441092137,
        1.4806591605324217,
        1.5286449055465767,
        1.5011722796989106,
        1.505423791908944,
        1.5005426180238333,
        1.5542552892703376,
        1.526751364317493,
        1.5279024133366332,
        1.5306842525829925,
        1.4771219758843963
      ]
    },
    "RES-Akdarya": {
      "h1": [
        487.00752235859994,
        486.5041884226999,
        485.54485700858993,
        488.68868796015215,
        489.34828892527435,
        492.71611912138815,
        492.0187996375487,
        486.6814661532398,
        487.17323273445373,
        487.7573198630281,
        487.70037040211037,
        485.4650811872394
      ],
      "h2": [
        493.85932604785387,
        491.5393344564322,
        486.2445386980219,
        492.0184768898023,
        492.46420747198005,
        495.08766136826836,
        495.7154588648107,
        496.05384306316967,
        492.13123531506926,
        495.35611957169687,
        491.8636966544058,
        492.6642138841911
      ],
      "w": [
        91.90183536643757,
        103.44036257085487,
        66.60288649480694,
        48.84366345241008,
        61.108326186146215,
        92.77239733868058,
        22.697762396829496,
        65.65487684608442,
        18.25441153394543,
        57.20564321628535,
        12.933136682020633,
        44.551328397608714
      ],
      "m1": [
        1.5172428715666149,
        1.5497505639954787,
        1.5101543790549095,
        1.479995217285389,
        1.5683278554228919,
        1.5584706988362502,
        1.4993081565609658,
        1.4837553634530867,
        1.5186182484471056,
        1.5306274517122413,
        1.5290051140114405,
        1.534762253187197
      ],
      "m2": [
        1.5597656328096816,
        1.4961709425324108,
        1.5207832859181105,
        1.4819911500588117,
        1.5654157276807652,
        1.524109101092973,
        1.5287247055027864,
        1.4919099643620424,
        1.5100987351425754,
        1.5542102837073062,
        1.4762407825431598,
        1.5104342386932763
      ]
    }
  },
  "hydroworks_parameters": {
    "HW-EskiAnkhor": {
      "Pastdargom": [
        0.9135280885917852,
        0.7638014716505592,
        0.06553010418106509,
        0.3633985482235415,
        0.8026215468993351,
        0.7757090734982481,
        0.7378556888943419,
        0.027297107529203998,
        0.5083952127210789,
        0.23560218794239074,
        0.5187661738748448,
        0.43825110624249514
      ],
      "Nurobod": [
        0.08647191140821475,
        0.23619852834944086,
        0.9344698958189349,
        0.6366014517764584,
        0.19737845310066496,
        0.22429092650175184,
        0.26214431110565817,
        0.972702892470796,
        0.49160478727892104,
        0.7643978120576093,
        0.4812338261251552,
        0.5617488937575048
      ]
    },
    "HW-Ravatkhoza": {
      "HW-AkKaraDarya": [
        0.2821894563017499,
        0.30345975167355815,
        0.1889462624810886,
        0.13376658253085447,
        0.02899584467790756,
        0.18689863442416552,
        0.025727008809391695,
        0.20729550486155465,
        0.017495485168228672,
        0.002875692742341897,
        0.19307606840456223,
        0.18746166085180677
      ],
      "Bulungur": [
        0.1679013907445572,
        0.1398638696906154,
        0.2965383648386373,
        0.1498493915134679,
        0.3309970179418602,
        0.2431061719428065,
        0.14791727327260112,
        0.32900428291473255,
        0.3473291578003581,
        0.2235034024162923,
        0.14025726492877114,
        0.22199220904933695
      ],
      "Jomboy": [
        0.16583594829142342,
        0.21512961888953233,
        0.21212565773755832,
        0.5734670818583648,
        0.08533241417803306,
        0.1377145204084645,
        0.24105021528464346,
        0.16513893363797497,
        0.3641829768366088,
        0.5595134138312899,
        0.3091861582788867,
        0.28964925164005106
      ],
      "Sink-Jizzakh": [
        0.12087592260931565,
        0.09840736761397414,
        0.04989282146115936,
        0.02993291261122286,
        0.05200036743598078,
        0.03679648302918617,
        0.07674010359759069,
        0.08568831410331265,
        0.05603170471794188,
        0.026748029362531785,
        0.024147175054446676,
        0.03094281168453197
      ],
      "Toyloq": [
        0.031130612417643772,
        0.09183710179856526,
        0.09310338744826101,
        0.06268497392609788,
        0.13628048365115303,
        0.1656264543929775,
        0.25939332919108904,
        0.03604398709710739,
        0.2099811774802862,
        0.10570211040143747,
        0.018664644100961896,
        0.1366404993749267
      ],
      "Urgut": [
        0.23206666963530995,
        0.15130229033375475,
        0.15939350603329538,
        0.050299057559992186,
        0.36639387211506536,
        0.22985773580239996,
        0.24917206984468404,
        0.17682897738531783,
        0.004979497996576432,
        0.08165735124610668,
        0.31466868923237146,
        0.13331356739934655
      ]
    },
    "HW-AkKaraDarya": {
      "Oqdaryo": [
        0.045490775674158185,
        0.4878253467671421,
        0.9753805681989001,
        0.8261445227126987,
        0.28264198230529847,
        0.06881255347355357,
        0.25496894998950304,
        0.14961671525783185,
        0.553938856077263,
        0.3525843505437061,
        0.4170253357453165,
        0.0891128676410706
      ],
      "HW-Damkhoza": [
        0.9545092243258418,
        0.5121746532328578,
        0.024619431801099902,
        0.1738554772873013,
        0.7173580176947015,
        0.9311874465264465,
        0.745031050010497,
        0.8503832847421682,
        0.44606114392273705,
        0.6474156494562939,
        0.5829746642546835,
        0.9108871323589294
      ]
    },
    "HW-Damkhoza": {
      "RES-Kattakurgan": [
        0.3450021654590604,
        0.10164549272798684,
        0.04156341415202389,
        0.10044519420477188,
        0.6488887961676343,
        0.7846670311936217,
        0.6519363526821874,
        0.3575260890205485,
        0.11545320568473447,
        0.10717549242446534,
        0.2314499677269177,
        0.07123731208200329
      ],