{
  "objective_value": 30594905451.801453,
  "reservoir_parameters": {
    "RES-Kattakurgan": {
      "h1": [
        500.6116172436651,
        500.22736958089104,
        498.953537122193,
        506.009580290518,
        499.62460670168656,
        504.90965289661807,
        510.2173604992472,
        507.16772684266056,
        507.38345281742596,
        498.5348811136485,
        504.8712650524984,
        502.88068094317384
      ],
      "h2": [
        509.06404865612154,
        504.8848687997704,
        503.55725633229764,
        510.83342544981633,
        509.44585375558023,
        505.85164719438365,
        510.66462537872104,
        510.2698309784735,
        507.475513352291,
        509.80158062565357,
        510.74378961802256,
        508.5593521122517
      ],
      "w": [
        20.5667596304024,
        103.2467282100701,
        76.76450141853574,
        101.45112625852704,
        120.61198837069423,
        62.94052631165808,
        17.24409613015923,
        123.9815534484888,
        96.24880688839097,
        24.400299384821093,
        15.88271723236176,
        20.161406608004153
      ],
      "m1": [
        1.5630385574023957,
        1.486119307017197,
        1.5300748565630846,
        1.5571291092268056,
        1.555107659074105,
        1.541493910423599,
        1.4928797371558693,
        1.4888483005134716,
        1.5192142362711598,
        1.5378398342904462,
        1.5257852116072341,
        1.5310294048859105
      ],
      "m2": [
        1.491548542185535,
        1.5634412300519638,
        1.5222572769525666,
        1.4718038995888931,
        1.5184618893315118,
        1.514587662135162,
        1.481685963985919,
        1.5164668894117193,
        1.5641110802840192,
        1.5608220832316364,
        1.4847228142148412,
        1.4847020596387497
      ]
    },
    "RES-Akdarya": {
      "h1": [
        487.715747204283,
        485.45384456453763,
        485.60618415861853,
        489.9166940962625,
        485.5272824120959,
        485.8542193476578,
        488.1470532762638,
        495.17164608717655,
        486.1665178697391,
        486.46662824391285,
        489.3150728825705,
        486.8975614753941
      ],
      "h2": [
        488.45845950673106,
        494.0104351194221,
        495.0277923772626,
        492.52961720703325,
        495.82652251898196,
        488.16868774742704,
        492.1483230935432,
        495.8014370661309,
        494.30721106964575,
        490.2213707442811,
        490.7060336641566,
        494.4518773944387
      ],
      "w": [
        58.86805266607337,
        33.07473045588057,
        43.39526353576914,
        50.18158164794824,
        120.24715807799595,
        100.31765380806648,
        83.34139032051603,
        109.49270759762908,
        39.40663987080443,
        33.67349517272038,
        89.44732208032396,
        37.287087081120276
      ],
      "m1": [
        1.5079865290789316,
        1.4874698863620397,
        1.539437006117143,
        1.5452778323455196,
        1.5295799995676607,
        1.5579571740119214,
        1.560963447845358,
        1.5427939542548412,
        1.4946689461814646,
        1.526233339670159,
        1.5608049748035504,
        1.4812501330090286
      ],
      "m2": [
        1.4885266858698514,
        1.5692242880527918,
        1.472604268228166,
        1.5335646079871077,
        1.531349517922441,
        1.5609183829628006,
        1.5452745821158524,
        1.4841072387544427,
        1.487207127257101,
        1.5406423076324969,
        1.5088963071715302,
        1.4994310341944246
      ]
    }
  },
  "hydroworks_parameters": {
    "HW-EskiAnkhor": {
      "Pastdargom": [
        0.7351012750362894,
        0.7144769881232277,
        0.13931988627015135,
        0.20139543166967322,
        0.4932739080436306,
        0.2822153892383325,
        0.967717778083522,
        0.12962292103357545,
        0.44923777599908715,
        0.5747927216887686,
        0.4994948563068316,
        0.6010298278139957
      ],
      "Nurobod": [
        0.26489872496371053,
        0.2855230118767723,
        0.8606801137298487,
        0.7986045683303268,
        0.5067260919563694,
        0.7177846107616674,
        0.03228222191647796,
        0.8703770789664246,
        0.5507622240009129,
        0.4252072783112314,
        0.5005051436931685,
        0.3989701721860043
      ]
    },
    "HW-Ravatkhoza": {
      "HW-AkKaraDarya": [
        0.1937303855740286,
        0.18252530195746555,
        0.31500075146421386,
        0.06453024131421313,
        0.3624762963952047,
        0.3268156891511562,
        0.11667265128715158,
        0.659354900919865,
        0.47874305294846425,
        0.030931287321461984,
        0.07549807598203065,
        0.1614468410252283
      ],
      "Bulungur": [
        0.2962747405501696,
        0.15437208066312944,
        0.018332581869119475,
        0.2702783538343151,
        0.018018413630882843,
        0.11073390579574174,
        0.057309389630806055,
        0.0043873018511901675,
        0.045897605062198206,
        0.4363312179664302,
        0.11134198000638669,
        0.15491289557647206
      ],
      "Jomboy": [
        0.2370780960937537,
        0.2611122325569296,
        0.25817442863824613,
        0.5099046934047052,
        0.3167552722642775,
        0.36777341664042107,
        0.15458155786986313,
        0.03379296269024235,
        0.17924973280609058,
        0.17536569063985097,
        0.2735955111636548,
        0.22267251065052532
      ],
      "Sink-Jizzakh": [
        0.15582849544311125,
        0.11186682060905578,
        0.07515890469508722,
        0.05697828414977402,
        0.05392302950052243,
        0.06038771448260724,
        0.04436693925574683,
        0.09025183945722284,
        0.06918734385311197,
        0.042235370657561215,
        0.04308352632503652,
        0.03649659813248848
      ],
      "Toyloq": [
        0.04359682830955319,
        0.20112662903601317,
        0.1523089762919491,
        0.044166818805306166,
        0.18719939405752964,
        0.054699503411326456,
        0.28266877731624085,
        0.11555460465632493,
        0.10708886081534613,
        0.17374744748994234,
        0.2908166613421202,
        0.20500200214657469
      ],
      "Urgut": [
        0.07349145402938373,
        0.0889969351774065,
        0.1810243570413842,
        0.054141608491686394,
        0.06162759415158287,
        0.07958977051874737,
        0.3444006846401916,
        0.09665839042515478,
        0.1198334045147889,
        0.1413889859247533,
        0.20566424518077106,
        0.21946915246871113
      ]
    },
    "HW-AkKaraDarya": {
      "Oqdaryo": [
        0.5997758677228929,
        0.4960452004771548,
        0.46544663215417276,
        0.9604891751278858,
        0.31974534595043197,
        0.047975471815230056,
        0.10298885677315936,
        0.2220587388828267,
        0.11051933786063717,
        0.7520449940870385,
        0.5091173600006144,
        0.14889428126399554
      ],
      "HW-Damkhoza": [
        0.4002241322771071,
        0.5039547995228452,
        0.5345533678458272,
        0.03951082487211424,
        0.6802546540495681,
        0.9520245281847699,
        0.8970111432268406,
        0.7779412611171733,
        0.8894806621393628,
        0.24795500591296146,
        0.4908826399993857,
        0.8511057187360045
      ]
    },
    "HW-Damkhoza": {
      "RES-Kattakurgan": [
        0.007975075764477866,
        0.2344117507291186,
        0.28831368130708274,
        0.20770778575380247,
        0.3561096035511594,
        0.7611889654327605,
        0.48181388316693774,
        0.2767945487385407,
        0.21453566837170324,
        0.20400841464433433,
        0.310765300174593,
        0.3845380689970677
      ],