{
  "objective_value": 26240215268.97725,
  "reservoir_parameters": {
    "RES-Kattakurgan": {
      "h1": [
        498.90687412419516,
        500.93061862444563,
        498.58905326081515,
        501.2983786029738,
        505.1897844844911,
        510.4661852532623,
        508.2538725415218,
        508.1178392850714,
        506.17476801564925,
        501.92840114244615,
        504.7816985388379,
        503.13741463248414
      ],
      "h2": [
        507.95016015118205,
        510.67929666131533,
        499.06194646577654,
        511.1111450860864,
        510.8607514095867,
        510.70789736640734,
        508.71687755992536,
        509.5900500157639,
        509.156227614022,
        510.3905519850896,
        507.7523136801606,
        506.3022070158385
      ],
      "w": [
        35.42691445879241,
        19.2952352037786,
        53.26092173852036,
        106.45599326314272,
        22.312531254952543,
        42.35747206840748,
        98.65187679020735,
        37.26964161047931,
        97.61531586614768,
        17.44311556612163,
        90.89116676492225,
        24.695389687790616
      ],
      "m1": [
        1.50733801903796,
        1.5560420675740945,
        1.5392847624924384,
        1.5219230092960754,
        1.5566466744678777,
        1.5430910425066553,
        1.5170948680992995,
        1.5685775801430155,
        1.4788127074282866,
        1.5102564857873266,
        1.4971860680992095,
        1.5385853161846876
      ],
      "m2": [
        1.4800635171571024,
        1.5317643306119693,
        1.521015461719759,
        1.554478478316482,
        1.522055182485691,
        1.5328678430336848,
        1.5344838577428186,
        1.555921431942515,
        1.5224013489221166,
        1.4955978693537892,
        1.4723882172077187,
        1.5260142388785087
      ]
    },
    "RES-Akdarya": {
      "h1": [
        495.33282258710904,
        489.0315099832919,
        490.67033606952265,
        491.1076176920408,
        485.64964530475663,
        485.5294578723319,
        485.8902003023659,
        489.10060266601533,
        485.9692000760486,
        489.34658506178397,
        487.7080362468714,
        485.9021326889667
      ],
      "h2": [
        496.4426508287715,
        490.06616889337164,
        493.381946236768,
        491.2048927027309,
        493.9816844843775,
        487.8074930115111,
        494.98913879952244,
        493.1021388635453,
        487.1425124746886,
        494.59793356474125,
        490.63610292026823,
        490.41564201830255
      ],
      "w": [
        105.73153853116602,
        119.8186067167533,
        49.82151914069382,
        36.64508836893331,
        37.978885762700294,
        13.555167663308026,
        41.961245527631796,
        61.99255094816289,
        4.110771540027897,
        92.5320879762971,
        114.33880114149547,
        67.56934885195784
      ],
      "m1": [
        1.4713389335069225,
        1.5436692262598237,
        1.5391759395963303,
        1.4752775900064765,
        1.472734352061024,
        1.5595081663910955,
        1.4953097410487397,
        1.4866091415417082,
        1.5617852115550894,
        1.4708119660167058,
        1.5054887038821603,
        1.4820772836370248
      ],
      "m2": [
        1.4946382953552544,
        1.4805815636492619,
        1.5386363319559042,
        1.5505182949930454,
        1.5432216351737909,
        1.5449594710012684,
        1.5165833717650679,
        1.5015858895417373,
        1.562116619526671,
        1.5169388545703426,
        1.4875350961766132,
        1.528429952943771
      ]
    }
  },
  "hydroworks_parameters": {
    "HW-EskiAnkhor": {
      "Pastdargom": [
        0.5,
        0.5164141700674058,
        0.5210946364522205,
        0.29517463526389415,
        0.6823027826695961,
        0.7876882994613131,
        0.5735625247396569,
        0.07943523099381901,
        0.10216605584809586,
        0.3079968401499137,
        0.4873661328498591,
        0.6082264213572491
      ],
      "Nurobod": [
        0.5,
        0.48358582993259425,
        0.4789053635477795,
        0.7048253647361059,
        0.31769721733040385,
        0.21231170053868698,
        0.42643747526034315,
        0.920564769006181,
        0.8978339441519042,
        0.6920031598500864,
        0.5126338671501409,
        0.3917735786427509
      ]
    },
    "HW-Ravatkhoza": {
      "HW-AkKaraDarya": [
        0.17582262916796704,
        0.13422271569872882,
        0.009789337058203805,
        0.12335185791600821,
        0.3893429493281614,
        0.29164723590647124,
        0.2568856917495176,
        0.12421204276999312,
        0.043710494437118344,
        0.2570982316508276,
        0.29607334930037155,
        0.2127215757553973
      ],
      "Bulungur": [
        0.33753724975380056,
        0.37226340509563244,
        0.32540778407642285,
        0.2293164939221034,
        0.0883263234039718,
        0.09394755254231589,
        0.23639204810275935,
        0.29053907839298077,
        0.1313415556163576,
        0.2924819147117963,
        0.02860097066353488,
        0.16548676432147652
      ],
      "Jomboy": [
        0.27265237479786497,
        0.19112064479356178,
        0.2895833312341733,
        0.3793700615376328,
        0.23410568712998675,
        0.033550140622096554,
        0.03401089142653164,
        0.23469942241157896,
        0.6454686456427432,
        0.38007370357042264,
        0.20148304960346383,
        0.23626954461321908
      ],
      "Sink-Jizzakh": [
        0.13285313485973593,
        0.14584325913243865,
        0.04561378990045333,
        0.02193901465937299,
        0.045242268586392735,
        0.09404660116850029,
        0.07573493849952563,
        0.08210091380860975,
        0.1484601125643767,
        0.02765755307965928,
        0.05298071580160155,
        0.030893807400429935
      ],
      "Toyloq": [
        0.012198138620389945,
        0.13778050915339302,
        0.026288174668930745,
        0.1696729550137126,
        0.14855406431629584,
        0.2792367700744513,
        0.23432783789006484,
        0.04946136612864164,
        0.016799967481287786,
        0.014750013946978852,
        0.12789387983177444,
        0.24973299354540554
      ],
      "Urgut": [
        0.0689364728002415,
        0.018769466126245315,
        0.30331758306181594,
        0.07634961695117001,
        0.09442870723519163,
        0.20757169968616473,
        0.16264859233160095,
        0.21898717648819588,
        0.014219224258116442,
        0.027938583040315372,
        0.29296803479925376,
        0.10489531436407169
      ]
    },
    "HW-AkKaraDarya": {
      "Oqdaryo": [
        0.8269190173024131,
        0.4720432245298307,
        0.5064232744950202,
        0.9516200067709748,
        0.16520842164014074,
        0.09304363949131385,
        0.05554041334935753,
        0.2660143773740341,
        0.17686785064657237,
        0.20018981901822036,
        0.8110471001784365,
        0.7139412973051393
      ],
      "HW-Damkhoza": [
        0.17308098269758695,
        0.5279567754701693,
        0.4935767255049797,
        0.04837999322902525,
        0.8347915783598593,
        0.9069563605086861,
        0.9444595866506424,
        0.733985622625966,
        0.8231321493534276,
        0.7998101809817796,
        0.18895289982156346,
        0.28605870269486067
      ]
    },
    "HW-Damkhoza": {
      "RES-Kattakurgan": [
        0.47557634988531444,
        0.12075460755587135,
        0.041933287988938014,
        0.25242275275740383,
        0.5404222609227273,
        0.4559691373448514,
        0.6154326860752486,
        0.3214458621794048,
        0.161196478082026,
        0.37933210740750684,
        0.16655628293716362,
        0.542220293977906
      ],