{
  "objective_value": 23674246018.362823,
  "reservoir_parameters": {
    "RES-Kattakurgan": {
      "h1": [
        500.0373998221763,
        498.9159755264904,
        499.6499982607996,
        507.0911499247046,
        499.48750172910616,
        507.74005301814907,
        507.75739655507556,
        510.4552803964223,
        505.32837433384003,
        498.9367353066504,
        502.35780439662136,
        501.2053784956336
      ],
      "h2": [
        510.1125782005978,
        503.98632946501357,
        501.1634864088767,
        507.62515182543746,
        505.37642590826727,
        508.76686927213365,
        508.1083296843866,
        510.7725375852684,
        508.331223620354,
        510.10719417344666,
        507.5776948031275,
        509.2859263591007
      ],
      "w": [
        22.865084186847394,
        52.150209598540094,
        52.518167539718384,
        51.716355384633346,
        1.2568363945747034,
        0.7170616911129218,
        100.92099050907781,
        55.803171674487324,
        118.69744600819324,
        21.542661265644163,
        14.927112643996626,
        23.81977264725267
      ],
      "m1": [
        1.4829998452132718,
        1.546554274941984,
        1.502007967945385,
        1.5328663835449556,
        1.514591365565657,
        1.5253595479681845,
        1.5122423434206986,
        1.547049579816441,
        1.4931908252354533,
        1.548527334789263,
        1.531402065914143,
        1.5061401845352238
      ],
      "m2": [
        1.5682834968764134,
        1.5025097589851193,
        1.4895985099386313,
        1.5375591938824176,
        1.5688837771253028,
        1.5001488070368831,
        1.5532086760534773,
        1.510093756246927,
        1.5404415066201242,
        1.514968415975595,
        1.478154554487728,
        1.5546706238057297
      ]
    },
    "RES-Akdarya": {
      "h1": [
        486.6872196503736,
        493.98112346554313,
        487.3531327499259,
        486.9944600466067,
        486.8480337651761,
        491.60590577292777,
        485.7519538170836,
        490.8305122972819,
        485.91040223741965,
        489.8404481457392,
        486.38783945590154,
        486.3487235923162
      ],
      "h2": [
        494.5292817668689,
        496.147358670019,
        493.18350846617756,
        487.9284535191575,
        491.0569845887931,
        496.5744749155051,
        490.3232563691992,
        495.3053976471003,
        490.29127005577647,
        495.05524362477433,
        490.45814960038604,
        490.74660100640295
      ],
      "w": [
        48.35230284100392,
        112.49623572564734,
        46.157629643274646,
        97.64430789781554,
        114.87189486835528,
        13.700465447974125,
        67.1483482661503,
        7.58086172040641,
        122.61176478580136,
        35.77608372548676,
        71.61406700608693,
        44.86021503512476
      ],
      "m1": [
        1.5459196773506845,
        1.4850615440069956,
        1.482457954179158,
        1.4886670321260564,
        1.4995743625926965,
        1.4822820206937053,
        1.527565647655642,
        1.5188184392683266,
        1.5300895671832626,
        1.47512846415,
        1.542642136715816,
        1.501360726772251
      ],
      "m2": [
        1.4959471116879501,
        1.4799344006003223,
        1.5562357023883135,
        1.5104681164906733,
        1.5239946439914012,
        1.5157142356380295,
        1.569055476973588,
        1.494746321778355,
        1.4845933902466053,
        1.5216023714988327,
        1.552409109765388,
        1.5643806971174703
      ]
    }
  },
  "hydroworks_parameters": {
    "HW-EskiAnkhor": {
      "Pastdargom": [
        0.833767853109086,
        0.6997293319015142,
        0.6385275200911227,
        0.5,
        0.7944558295314725,
        0.8530530005178312,
        0.7489493422922409,
        0.24563257327529064,
        0.059820818930732024,
        0.34023286779201745,
        0.43495188335284235,
        0.5485575614725678
      ],
      "Nurobod": [
        0.16623214689091398,
        0.30027066809848585,
        0.36147247990887726,
        0.5,
        0.20554417046852747,
        0.14694699948216888,
        0.25105065770775914,
        0.7543674267247095,
        0.940179181069268,
        0.6597671322079826,
        0.5650481166471576,
        0.4514424385274322
      ]
    },
    "HW-Ravatkhoza": {
      "HW-AkKaraDarya": [
        0.15913305318434384,
        0.21472986860427146,
        0.5178076143624734,
        0.24330464901611654,
        0.2162188019306142,
        0.20526307616346356,
        0.07412362023424603,
        0.24800227691361892,
        0.32993497295574925,
        0.0056736675025147705,
        0.2792757423296633,
        0.23156411454732737
      ],
      "Bulungur": [
        0.13638995382413271,
        0.1557457735834847,
        0.10070077522144455,
        0.3711083757180137,
        0.19880895210425575,
        0.07147629053076254,
        0.20544028339733697,
        0.044263776694967755,
        0.17861851128484685,
        0.32458476039551803,
        0.05405759100366998,
        0.25580996920052335
      ],
      "Jomboy": [
        0.270262503948331,
        0.2590378476529058,
        0.07113805407243012,
        0.03673622946348638,
        0.10066382868866187,
        0.004612898713221194,
        0.04629866640913946,
        0.04547802704169327,
        0.30353830701368345,
        0.40096843616183486,
        0.2885950249129241,
        0.15979654299114313
      ],
      "Sink-Jizzakh": [
        0.08652244667960168,
        0.09423147685557258,
        0.03494992271459336,
        0.0672936657430996,
        0.046083080015573825,
        0.05691026313109622,
        0.08645519915867364,
        0.4652501430656976,
        0.07498936700472354,
        0.041804981423086536,
        0.04473830842040925,
        0.04850163954143469
      ],
      "Toyloq": [
        0.16189794794608617,
        0.08465772587689617,
        0.026617094137835,
        0.19183030239622406,
        0.16551267208361514,
        0.30999716629424107,
        0.2726426413749135,
        0.19354595658389193,
        0.01789601080129093,
        0.15295329793599907,
        0.15019469059825188,
        0.19597061591946913
      ],
      "Urgut": [
        0.1857940944175047,
        0.1915973074268694,
        0.2487865394912236,
        0.08972677766305973,
        0.27271266517727927,
        0.3517403051672155,
        0.31503958942569044,
        0.0034598197001305996,
        0.09502283093970595,
        0.07401485658104673,
        0.18313864273508143,
        0.10835711780010218
      ]
    },
    "HW-AkKaraDarya": {
      "Oqdaryo": [
        0.9089372872421385,
        0.9587386837600641,
        0.9344549782899232,
        0.7967829942392461,
        0.27784739355111493,
        0.12346943350860214,
        0.12901313895581423,
        0.011747630465628984,
        0.13143644331544888,
        0.9168041071130968,
        0.46331929383564846,
        0.37439570761003316
      ],
      "HW-Damkhoza": [
        0.09106271275786153,
        0.04126131623993596,
        0.06554502171007678,
        0.20321700576075388,
        0.7221526064488851,
        0.8765305664913978,
        0.8709868610441858,
        0.988252369534371,
        0.8685635566845511,
        0.08319589288690324,
        0.5366807061643516,
        0.6256042923899668
      ]
    },
    "HW-Damkhoza": {
      "RES-Kattakurgan": [
        0.7033561118866454,
        0.017249367256635107,
        0.019026290419669602,
        0.01325452005109019,
        0.45987483120738937,
        0.4544840619044903,
        0.5750511311328429,
        0.36906417694194665,
        0.29562981775638875,
        0.45634713112218483,
        0.39669570222927264,
        0.2461495800281955
      ],