{
  "objective_value": 19280542409.7984,
  "reservoir_parameters": {
    "RES-Kattakurgan": {
      "h1": [
        498.6609191501757,
        499.34314234775684,
        498.83036143905,
        511.1384589775014,
        503.6707999064429,
        507.17680400788845,
        509.06871110193725,
        507.36391994904835,
        507.1291909819608,
        505.8000882276562,
        504.4796486128686,
        501.77800829208564
      ],
      "h2": [
        510.6289705221832,
        501.5332655045275,
        499.04922685785164,
        511.14832758553723,
        510.1529888929201,
        510.9932982866001,
        509.99724541798207,
        508.9637984009633,
        509.5975700759231,
        508.50043098440665,
        507.2454043800001,
        504.78876556690966
      ],
      "w": [
        21.827895145763193,
        22.91268715960587,
        70.65819692164973,
        49.60464055628276,
        30.200403050400947,
        101.11934970221955,
        9.845107021020539,
        115.58238113881445,
        92.25102988493705,
        76.49237584400079,
        8.670219640577903,
        8.230429409393142
      ],
      "m1": [
        1.4861381831781018,
        1.5474517306355027,
        1.5210855121499125,
        1.5542186926078019,
        1.535381416903534,
        1.4752611339568287,
        1.5314346779457333,
        1.5142264728050472,
        1.5342618936279173,
        1.481643034152108,
        1.5519620806445997,
        1.476589331882514
      ],
      "m2": [
        1.4895366041030873,
        1.4988325699233647,
        1.5261139461371152,
        1.5252651990227382,
        1.4805579183971047,
        1.5133775743250577,
        1.5588910400197413,
        1.4999359012263165,
        1.5343525886319078,
        1.47645906408214,
        1.5255556280023517,
        1.48738876346106
      ]
    },
    "RES-Akdarya": {
      "h1": [
        487.9530425860895,
        494.20000244281687,
        486.1854817611595,
        485.5129444533753,
        485.8005356057423,
        487.7567804378638,
        485.4974126460629,
        490.71818578818335,
        488.5007140448787,
        490.9249870490035,
        490.33655393031495,
        487.3619976888568
      ],
      "h2": [
        490.21076986841007,
        496.42860409372844,
        488.0333309568697,
        487.24068701944555,
        492.1786334359258,
        493.6378187550491,
        488.33078424349196,
        496.33407967937404,
        496.3625219701541,
        495.2292704231845,
        494.693005731757,
        494.77925818291703
      ],
      "w": [
        7.338080683937709,
        102.09106465849803,
        78.32256488340396,
        93.4412705092175,
        24.12983713457047,
        53.74992630550603,
        40.722999428609654,
        85.96432446768858,
        113.73237744663584,
        33.61562581628437,
        55.17229650236514,
        38.77967968882202
      ],
      "m1": [
        1.562498942970879,
        1.5630591668025287,
        1.4728068063717576,
        1.514475750165771,
        1.4725392847829337,
        1.5364859226519858,
        1.4773061812731711,
        1.5144913077191926,
        1.5056455329548228,
        1.5419697249696056,
        1.5532917616252804,
        1.5242580500393017
      ],
      "m2": [
        1.4955722728930605,
        1.526488475234047,
        1.560337209439397,
        1.5255262182675928,
        1.4706347917554523,
        1.5067935248021342,
        1.4809278474183183,
        1.4878504871077334,
        1.4827294354564207,
        1.5596274927564255,
        1.5429347476865636,
        1.5539139431200473
      ]
    }
  },
  "hydroworks_parameters": {
    "HW-EskiAnkhor": {
      "Pastdargom": [
        0.9532629196258053,
        0.5573875489300605,
        0.22169099879040077,
        0.0004024496993863251,
        0.7031959810555045,
        0.7086856798404766,
        0.6848678015908568,
        0.4725194932639476,
        0.05807718458030808,
        0.12143260697774771,
        0.19934338627443512,
        0.5862725772493586
      ],
      "Nurobod": [
        0.046737080374194634,
        0.4426124510699395,
        0.7783090012095993,
        0.9995975503006137,
        0.2968040189444955,
        0.29131432015952347,
        0.31513219840914314,
        0.5274805067360524,
        0.941922815419692,
        0.8785673930222523,
        0.8006566137255648,
        0.4137274227506415
      ]
    },
    "HW-Ravatkhoza": {
      "HW-AkKaraDarya": [
        0.2579418819291664,
        0.2219643171018768,
        0.027359954063566564,
        0.37365738559647027,
        0.09529345497979747,
        0.2200028339805668,
        0.37212601684972474,
        0.0811907796304589,
        0.02916264152944563,
        0.33073903618604944,
        0.2038935584682331,
        0.13549150441219088
      ],
      "Bulungur": [
        0.0753914514041669,
        0.15461552070839196,
        0.1836927577859149,
        0.3625438508271259,
        0.20005016547534407,
        0.15683948433935435,
        0.12409999428643531,
        0.33358065711660206,
        0.3918212729294573,
        0.16074202014154396,
        0.28602635196933435,
        0.2418040861001265
      ],
      "Jomboy": [
        0.2175955062721535,
        0.29204771438113825,
        0.4237632893405073,
        0.163523175104234,
        0.2779695684069142,
        0.08595100454105081,
        0.03935496713805268,
        0.21220703409605846,
        0.3131683061858256,
        0.23876662075703775,
        0.18104157262808604,
        0.21961424162895155
      ],
      "Sink-Jizzakh": [
        0.11573782706117985,
        0.12690990572555094,
        0.0704835494188175,
        0.014818972625263424,
        0.06539445571550828,
        0.04501500965330453,
        0.059147089960083936,
        0.0561200360544849,
        0.15095962399468266,
        0.07197404381696898,
        0.05050644361432767,
        0.03398113822439195
      ],
      "Toyloq": [
        0.03299282414267982,
        0.02877614302007251,
        0.00901165785720477,
        0.00581934239071451,
        0.08473729204821386,
        0.23749468156344034,
        0.06937505754537084,
        0.018659829071312625,
        0.027227756432064692,
        0.12026859938085181,
        0.11582644147501835,
        0.2929944293466584
      ],
      "Urgut": [
        0.3003405091906535,
        0.1756863990629696,
        0.28568879153398896,
        0.07963727345619179,
        0.27655506337422214,
        0.2546969859222832,
        0.3358968742203326,
        0.29824166403108315,
        0.08766039892852416,
        0.07750967971754813,
        0.1627056318450006,
        0.0761146002876807
      ]
    },
    "HW-AkKaraDarya": {
      "Oqdaryo": [
        0.44351097331408584,
        0.5862866936416364,
        0.8596360079965139,
        0.9780930192067402,
        0.36355016549289015,
        0.15031147636563738,
        0.04651965403061366,
        0.2590961535654151,
        0.3875485973389546,
        0.5988351986688328,
        0.5372950549258839,
        0.7908293910306199
      ],
      "HW-Damkhoza": [
        0.5564890266859142,
        0.4137133063583637,
        0.14036399200348615,
        0.02190698079325976,
        0.6364498345071099,
        0.8496885236343626,
        0.9534803459693864,
        0.7409038464345848,
        0.6124514026610455,
        0.4011648013311672,
        0.4627049450741161,
        0.20917060896938017
      ]
    },
    "HW-Damkhoza": {
      "RES-Kattakurgan": [
        0.4079877211911499,
        0.4235403545625213,
        0.09394002676468859,
        0.04908244562064695,
        0.021782691679679608,
        0.5888737965172812,
        0.5254253062480554,
        0.31641341802346135,
        0.34707937393633287,
        0.1694978653879062,
        0.40784335149566864,
        0.3457108368633337
      ],