{
  "objective_value": 18083382050.820396,
  "reservoir_parameters": {
    "RES-Kattakurgan": {
      "h1": [
        501.8611579527958,
        500.8127250428221,
        498.987916408403,
        498.5783796332741,
        500.9235605900117,
        507.4532168933018,
        510.3473143275601,
        507.671887635565,
        505.54572623440754,
        506.35950496609155,
        505.2347784221353,
        499.49284254101116
      ],
      "h2": [
        510.5581243669495,
        508.7919785288407,
        506.5230324804497,
        500.9238835434475,
        508.4097369090095,
        509.8721593491212,
        510.75687050932856,
        508.2236566753654,
        510.38781867954134,
        507.68997054902934,
        507.0547361641845,
        507.55100050231476
      ],
      "w": [
        17.703318918480218,
        68.07094375850706,
        33.04653603788268,
        25.112636525511586,
        83.9878990689979,
        19.75436698716833,
        55.62558474457717,
        124.74690806383516,
        119.00134880803834,
        8.106078967547434,
        0.37233178171372505,
        16.42779661629305
      ],
      "m1": [
        1.4900984313296217,
        1.4934512665581878,
        1.5221192578717775,
        1.541793616087623,
        1.5195803320357872,
        1.5108013818223751,
        1.5439195635438439,
        1.5193981480749204,
        1.4957262618891367,
        1.4993613933980554,
        1.4885174980843585,
        1.535582839544299
      ],
      "m2": [
        1.4797986938108982,
        1.5582290367416838,
        1.5134034613309513,
        1.5465383734302254,
        1.5360750797411875,
        1.5628133135801614,
        1.5130427002284956,
        1.5534815208873671,
        1.4833626717092911,
        1.5511092917301212,
        1.5179234417243284,
        1.4857742954921762
      ]
    },
    "RES-Akdarya": {
      "h1": [
        488.25939908105744,
        486.8065241841182,
        485.8177678925934,
        485.48420432891663,
        488.0658230806228,
        488.2377450005868,
        490.5737507615186,
        490.09425422369327,
        487.2044277197556,
        487.2181260902718,
        487.56211602729053,
        487.98726680418974
      ],
      "h2": [
        491.2675585704773,
        487.33007166354304,
        486.3317725565457,
        488.2768904844996,
        490.93422067253346,
        492.54139420923065,
        495.1762641650138,
        493.3615243732485,
        490.5208609894278,
        493.3470921009652,
        487.6651466438166,
        493.4427142270177
      ],
      "w": [
        101.22821825910098,
        102.0684655398459,
        4.150426159629614,
        78.08648351193814,
        52.36008885411192,
        57.185594961302186,
        33.95519279492794,
        33.03754962617142,
        29.00162352240271,
        78.13061315341115,
        78.06463279576326,
        98.32998577355255
      ],
      "m1": [
        1.5690191176450974,
        1.5662109260345873,
        1.490441050938022,
        1.5087497655340845,
        1.5098314209623722,
        1.5116669013302237,
        1.4855593535996918,
        1.4790337160291145,
        1.5235307431733038,
        1.5606712838860441,
        1.5057650483255096,
        1.5594953840437564
      ],
      "m2": [
        1.557168151709674,
        1.5647274998928258,
        1.5511339496483711,
        1.5355642913463865,
        1.471780859783274,
        1.4890952263044521,
        1.5181040116830542,
        1.4817454376117818,
        1.5088749415840974,
        1.5648279816077364,
        1.549959337648514,
        1.5198452992828408
      ]
    }
  },
  "hydroworks_parameters": {
    "HW-EskiAnkhor": {
      "Pastdargom": [
        0.838309138703333,
        0.6725415566912455,
        0.21674578768237662,
        0.30342431778075285,
        0.5842977098897765,
        0.7751860225631481,
        0.6068555378891257,
        0.49788081817661645,
        0.3963945643163532,
        0.07639785476195164,
        0.5818676769129173,
        0.5611959472003973
      ],
      "Nurobod": [
        0.16169086129666702,
        0.3274584433087545,
        0.7832542123176234,
        0.6965756822192473,
        0.4157022901102236,
        0.22481397743685197,
        0.3931444621108742,
        0.5021191818233836,
        0.6036054356836468,
        0.9236021452380484,
        0.41813232308708276,
        0.4388040527996026
      ]
    },
    "HW-Ravatkhoza": {
      "HW-AkKaraDarya": [
        0.12915151471596703,
        0.2676312613257922,
        0.15184863950546965,
        0.07510939072896178,
        0.1761590047475466,
        0.20732708343767678,
        0.28659717436015886,
        0.12700770867277564,
        0.10701383073232604,
        0.15773249409393247,
        0.15201423959323265,
        0.25172925682491054
      ],
      "Bulungur": [
        0.24522735480266866,
        0.06570207200754115,
        0.1814846938278637,
        0.7525915762201382,
        0.030730432426282227,
        0.15298991226624936,
        0.021327396060379866,
        0.1427339535748705,
        0.3050055736764748,
        0.36365124663763565,
        0.21947131032282832,
        0.3356416402350523
      ],
      "Jomboy": [
        0.39246841603602184,
        0.19346394708292125,
        0.2759551275790159,
        0.05473502998075768,
        0.3616761937585687,
        0.05966863862879909,
        0.05698247551287563,
        0.30336513561987155,
        0.3067617536594164,
        0.32913974237489296,
        0.2521567164965882,
        0.07733896154216253
      ],
      "Sink-Jizzakh": [
        0.12000361057694282,
        0.13986938625041215,
        0.05737820575431742,
        0.04460767545971505,
        0.024169884878176354,
        0.20244318318825946,
        0.3220960421194018,
        0.06583600354868985,
        0.06503584222648519,
        0.030926753641125015,
        0.03555127791716243,
        0.02652613278166503
      ],
      "Toyloq": [
        0.002440987301148029,
        0.19444515381085564,
        0.26158929829716593,
        0.014856425598359178,
        0.22106600794769415,
        0.13499419590828796,
        0.26097883841072106,
        0.07667801890637539,
        0.1824446885794219,
        0.07508814079080367,
        0.21269593609424053,
        0.2553103697660901
      ],
      "Urgut": [
        0.11070811656725149,
        0.13888817952247773,
        0.07174403503616744,
        0.05809990201206817,
        0.18619847624173197,
        0.24257698657072727,
        0.05201807353646291,
        0.2843791796774171,
        0.03373831112587582,
        0.043461622461610186,
        0.12811051957594796,
        0.053453638850119396
      ]
    },
    "HW-AkKaraDarya": {
      "Oqdaryo": [
        0.790650577911347,
        0.6164000992814054,
        0.030756547765236165,
        0.06362701157122737,
        0.23134398284676574,
        0.1293310874925019,
        0.06649474535796347,
        0.40246268628064963,
        0.27989896555423827,
        0.1800870658763477,
        0.44036201635053684,
        0.7302322612452251
      ],
      "HW-Damkhoza": [
        0.20934942208865304,
        0.3835999007185947,
        0.9692434522347638,
        0.9363729884287726,
        0.7686560171532343,
        0.8706689125074981,
        0.9335052546420366,
        0.5975373137193504,
        0.7201010344457618,
        0.8199129341236523,
        0.5596379836494632,
        0.2697677387547749
      ]
    },
    "HW-Damkhoza": {
      "RES-Kattakurgan": [
        0.003938336929414681,
        0.10345183347714657,
        0.04280253610124491,
        0.03245356876530672,
        0.24789353235110145,
        0.6679934162745806,
        0.5024755706367249,
        0.26998752315702096,
        0.3454866155402384,
        0.1505064227979788,
        0.019076202219702763,
        0.046331713101419036
      ],