{
  "objective_value": 24662804940.81435,
  "reservoir_parameters": {
    "RES-Kattakurgan": {
      "h1": [
        502.28736813456453,
        498.9280238380806,
        498.68552006145455,
        502.3192592227309,
        508.1129064249871,
        510.6976270082193,
        509.87428890975826,
        506.94154012617423,
        507.722020450675,
        505.85124539337085,
        498.8036147334949,
        505.1391269437728
      ],
      "h2": [
        504.97417190288246,
        504.3879327767996,
        509.90400149346897,
        509.21357855943785,
        510.3757802787386,
        511.1045392136731,
        510.294630111874,
        510.92739465385824,
        510.50983536347013,
        506.7372774621207,
        507.0344601167768,
        509.75432351924576
      ],
      "w": [
        27.55343605902548,
        70.93204834131718,
        64.66546218343468,
        103.96246085797694,
        19.765935909476216,
        39.98361737796553,
        108.6435516306275,
        94.02803673078235,
        23.218202415975025,
        11.477165067078035,
        7.738440964945859,
        21.878795728840355
      ],
      "m1": [
        1.5013048333524732,
        1.4943456279978546,
        1.5540417038145073,
        1.5281380447604522,
        1.5467284142575157,
        1.5272186695082455,
        1.5297639814722903,
        1.5038542997322533,
        1.520773502498483,
        1.516264612041532,
        1.4872987322954305,
        1.561841223194978
      ],
      "m2": [
        1.4841343945466123,
        1.4896370966821066,
        1.527870461481103,
        1.5270789020682947,
        1.4754919376686315,
        1.537750965608667,
        1.5049681907922317,
        1.4989774047597106,
        1.5216312946430233,
        1.5184414133916238,
        1.496671140893106,
        1.5032872728466267
      ]
    },
    "RES-Akdarya": {
      "h1": [
        491.99237680663543,
        493.7578890482388,
        486.8581990140748,
        490.4130423595329,
        488.7546134034176,
        490.22018181667164,
        488.68170342847196,
        493.6086644537837,
        486.65334033995373,
        491.1550832585166,
        489.01860731938626,
        486.7362166230413
      ],
      "h2": [
        495.99218016534576,
        495.9835309902496,
        490.11789769212595,
        493.3953047411907,
        492.05507909327673,
        494.75213820052795,
        494.5416606553802,
        495.57671460535187,
        493.08904959028285,
        492.9518060399995,
        491.7947043824432,
        487.0008487833388
      ],
      "w": [
        69.42590541356061,
        98.74081134223155,
        68.35900781244763,
        97.50400388200276,
        61.95772699742924,
        34.76857363829443,
        59.33702539926522,
        102.89786111013971,
        65.01803585308572,
        83.42021694986029,
        122.0411162746057,
        94.39033180460275
      ],
      "m1": [
        1.5636143510637783,
        1.4719823842729771,
        1.51777595742483,
        1.545517637106436,
        1.5236964271422564,
        1.5190974316834895,
        1.5268371806324648,
        1.5081912828534019,
        1.5315206698266461,
        1.549531461221753,
        1.5245160216048574,
        1.5504175700737182
      ],
      "m2": [
        1.502020066450639,
        1.4702673138131537,
        1.4710678318581722,
        1.5610705363037074,
        1.559896112421126,
        1.5149323945261322,
        1.4713882528568314,
        1.5375873831092748,
        1.5399600925437937,
        1.4787375756570138,
        1.4764308123920173,
        1.4874145957861298
      ]
    }
  },
  "hydroworks_parameters": {
    "HW-EskiAnkhor": {
      "Pastdargom": [
        0.9467014581589613,
        0.6812870836599013,
        0.3376106975568021,
        0.5,
        0.8425131481169426,
        0.6757479850319216,
        0.5991877091127007,
        0.3847310745704804,
        0.3805701549377282,
        0.03849405611928584,
        0.4131284548390748,
        0.47369595441550355
      ],
      "Nurobod": [
        0.05329854184103867,
        0.31871291634009874,
        0.6623893024431979,
        0.5,
        0.15748685188305747,
        0.3242520149680784,
        0.4008122908872993,
        0.6152689254295196,
        0.6194298450622717,
        0.9615059438807142,
        0.5868715451609252,
        0.5263040455844964
      ]
    },
    "HW-Ravatkhoza": {
      "HW-AkKaraDarya": [
        0.20764371570075676,
        0.08876483889029207,
        0.19897321222521014,
        0.08840681486183227,
        0.010754303687838954,
        0.26718710700844983,
        0.11238441031699938,
        0.6067753927910157,
        0.48220687119812156,
        0.02546666063533434,
        0.099238444528518,
        0.19316481716307052
      ],
      "Bulungur": [
        0.24695762542679325,
        0.22319165620625586,
        0.3716301396658786,
        0.32866460323397245,
        0.13303038050405103,
        0.23059914742122456,
        0.05672524185486704,
        0.057358839953774714,
        0.1075985179912422,
        0.41567301233620196,
        0.3580911242507735,
        0.14016851617026285
      ],
      "Jomboy": [
        0.12681305823328226,
        0.25720921076591674,
        0.0017957798992041145,
        0.31840124837230416,
        0.2134228430757837,
        0.010148418536951314,
        0.41620184034521385,
        0.005735145580565989,
        0.07700451545398992,
        0.4245668553635252,
        0.16374917147686602,
        0.3089241480805692
      ],
      "Sink-Jizzakh": [
        0.0798452014974781,
        0.09961462056621266,
        0.05904286378037441,
        0.018752617372214935,
        0.09671380356755219,
        0.21175172448128873,
        0.052739987681552046,
        0.027320326238928175,
        0.09242182482518563,
        0.04048469673319599,
        0.05998754601225758,
        0.02440918525276411
      ],
      "Toyloq": [
        0.28203085580725146,
        0.09392444436842694,
        0.12873781772594586,
        0.112754174883516,
        0.2461738267112872,
        0.11473439680141036,
        0.319576491808533,
        0.19140108262085134,
        0.11910235576791847,
        0.004911719823755587,
        0.263504553609897,
        0.030056968057467503
      ],
      "Urgut": [
        0.05670954333443823,
        0.23729522920289556,
        0.23982018670338676,
        0.13302054127616025,
        0.29990484245348686,
        0.1655792057506752,
        0.04237202799283475,
        0.11140921281486411,
        0.12166591476354215,
        0.08889705510798693,
        0.05542916012168775,
        0.3032763652758658
      ]
    },
    "HW-AkKaraDarya": {
      "Oqdaryo": [
        0.03733580263172773,
        0.48823784987079166,
        0.991912307911919,
        0.024997757040386315,
        0.4704292042193923,
        0.046306128985148645,
        0.033506974715008485,
        0.23064872125413935,
        0.45087827107223766,
        0.8043857953172859,
        0.9336586603809885,
        0.5427751483954842
      ],
      "HW-Damkhoza": [
        0.9626641973682722,
        0.5117621501292083,
        0.008087692088081007,
        0.9750022429596137,
        0.5295707957806077,
        0.9536938710148514,
        0.9664930252849915,
        0.7693512787458606,
        0.5491217289277623,
        0.19561420468271412,
        0.06634133961901148,
        0.4572248516045158
      ]
    },
    "HW-Damkhoza": {
      "RES-Kattakurgan": [
        0.25,
        0.34020898144021955,
        0.20449204593395479,
        0.04556424111384319,
        0.3473678798468405,
        0.4929657739266451,
        0.4741624061041767,
        0.34193875817421354,
        0.02041983917715602,
        0.3018777734432814,
        0.05873321200104507,
        0.12467112262848495
      ],