{
  "objective_value": 30806340495.17003,
  "reservoir_parameters": {
    "RES-Kattakurgan": {
      "h1": [
        499.6728487602431,
        499.3311441951298,
        499.34668947410375,
        508.2857938819176,
        507.6076006073532,
        508.2930755949225,
        509.4877628822285,
        509.466134112855,
        501.1046114828359,
        506.35822536842204,
        501.9447639232016,
        504.275355432334
      ],
      "h2": [
        505.0796443526263,
        502.194788818478,
        500.8441985331556,
        509.75405019428445,
        508.7219301244702,
        510.94793873273295,
        509.7538914522208,
        509.64959069716133,
        507.65236094119166,
        506.5928362383178,
        509.64550629778205,
        506.3900707545267
      ],
      "w": [
        20.79714349735555,
        30.052026794352205,
        30.76160275546852,
        63.538737144325104,
        6.6141938289966955,
        70.7662365427507,
        99.98447009319379,
        120.53691163572293,
        8.488622184964239,
        102.03216312516469,
        15.928388990076966,
        21.527500595548364
      ],
      "m1": [
        1.5538316325295827,
        1.5189450624504113,
        1.5563416584215024,
        1.4949802881373426,
        1.5285317692438216,
        1.5410585015011302,
        1.4737917366496391,
        1.5465133274271912,
        1.5171309060707134,
        1.4782874191522881,
        1.4996395236560678,
        1.548609658025643
      ],
      "m2": [
        1.5225711844871557,
        1.509425152803667,
        1.5051823060052096,
        1.5093672642604952,
        1.562851411627071,
        1.5249585056875739,
        1.5491757114866174,
        1.472238347220751,
        1.5065078045472626,
        1.5559905298202799,
        1.481966053708095,
        1.5365791678004033
      ]
    },
    "RES-Akdarya": {
      "h1": [
        486.1738009991501,
        495.0032650203017,
        490.09650332594106,
        486.5251414651644,
        491.509837940769,
        487.9022375907155,
        489.2290376892057,
        486.72920552253623,
        487.3522719010228,
        488.5714351893104,
        485.50178733078303,
        486.8652146046916
      ],
      "h2": [
        494.8300225545782,
        496.0407795748279,
        493.17963364684414,
        493.156663983387,
        495.61523831799724,
        493.75966052440066,
        495.4795383134495,
        492.72678367086326,
        487.48285011804757,
        496.1219987679535,
        486.571694932535,
        494.5914948296545
      ],
      "w": [
        55.67643178709282,
        47.423863382886175,
        23.307766731605117,
        10.61462954661127,
        30.354345541748263,
        19.495184803830362,
        96.7816269288992,
        48.30823463214483,
        106.1467439784709,
        34.64521361329298,
        116.5473816931026,
        59.519906308648906
      ],
      "m1": [
        1.5626476517053058,
        1.5345424787512414,
        1.509565959281214,
        1.5665727374826253,
        1.5354153727527995,
        1.5695610471852282,
        1.4925293891661753,
        1.5110550390642292,
        1.5352441199252895,
        1.5278004808214787,
        1.484872839914273,
        1.5230550291168856
      ],
      "m2": [
        1.4980918510517365,
        1.5188703131622883,
        1.4818595931449963,
        1.5500577903449526,
        1.5234439438884806,
        1.4804010091257367,
        1.5539430483893573,
        1.5425247871593157,
        1.5480335936995053,
        1.479975469578598,
        1.4774321196038513,
        1.513390295970743
      ]
    }
  },
  "hydroworks_parameters": {
    "HW-EskiAnkhor": {
      "Pastdargom": [
        0.8404588061636565,
        0.5,
        0.12460887145865818,
        0.20061665720263852,
        0.8044282668071215,
        0.824481372112623,
        0.746105099569214,
        0.0498537980282246,
        0.5669684727659522,
        0.7758428397305717,
        0.295326567528302,
        0.5611804588643555
      ],
      "Nurobod": [
        0.1595411938363434,
        0.5,
        0.8753911285413418,
        0.7993833427973615,
        0.19557173319287852,
        0.17551862788737702,
        0.25389490043078594,
        0.9501462019717754,
        0.4330315272340478,
        0.22415716026942845,
        0.7046734324716981,
        0.43881954113564453
      ]
    },
    "HW-Ravatkhoza": {
      "HW-AkKaraDarya": [
        0.2603762934884935,
        0.0910917678346102,
        0.04304510562280975,
        0.1172928283675981,
        0.1703724074506102,
        0.06998398906740802,
        0.10606271687983164,
        0.09931911516502794,
        0.5095741667252837,
        0.36924801361846654,
        0.02777543101784943,
        0.04291424817876888
      ],
      "Bulungur": [
        0.08976111050155748,
        0.25490392611761725,
        0.2902882277105236,
        0.2842470688178823,
        0.10515797457223006,
        0.07369690090854511,
        0.015685400107637328,
        0.1979780002045344,
        0.03706473125859888,
        0.33259873236578286,
        0.4608969125034999,
        0.29041908515456444
      ],
      "Jomboy": [
        0.22686162252327624,
        0.29332313650983105,
        0.20286988765574054,
        0.32040433251407274,
        0.23711666195827913,
        0.15380810723351448,
        0.025911651242367,
        0.39414835229605627,
        0.10867718648493369,
        0.20139789893982651,
        0.18212442407574964,
        0.30574250016510124
      ],
      "Sink-Jizzakh": [
        0.1258885440433686,
        0.1387121952845324,
        0.1304634456775928,
        0.08249485330076642,
        0.04936302267545609,
        0.11196405937218963,
        0.3431773055275637,
        0.08703121876823168,
        0.0009890913011321384,
        0.08466504987821179,
        0.06274495495408479,
        0.027590833168232118
      ],
      "Toyloq": [
        0.18398693022204307,
        0.1495554116560814,
        0.26384112358491,
        0.05916750469673178,
        0.24984474101298548,
        0.3264099504350099,
        0.24727168967625707,
        0.21762473500164548,
        0.3414532637272462,
        0.0011442836592399656,
        0.04984508349736781,
        0.04193091073277664
      ],
      "Urgut": [
        0.1131254992212612,
        0.07241356259732777,
        0.06949220974842328,
        0.13639341230294855,
        0.18814519233043903,
        0.2641369929833328,
        0.2618912365663432,
        0.003898578564504317,
        0.0022415605028054298,
        0.010946021538472381,
        0.21661319395144837,
        0.29140242260055665
      ]
    },
    "HW-AkKaraDarya": {
      "Oqdaryo": [
        0.08258945377792637,
        0.7142130287880118,
        0.9967471076028982,
        0.9567493983619335,
        0.15469902994726095,
        0.10470506079588314,
        0.08709541223809195,
        0.19968744566362978,
        0.004996998236219248,
        0.7137791163031209,
        0.4576706818161477,
        0.635372807123183
      ],
      "HW-Damkhoza": [
        0.9174105462220736,
        0.2857869712119881,
        0.0032528923971017927,
        0.043250601638066447,
        0.8453009700527391,
        0.8952949392041168,
        0.9129045877619081,
        0.8003125543363702,
        0.9950030017637808,
        0.28622088369687915,
        0.5423293181838523,
        0.36462719287681694
      ]
    },
    "HW-Damkhoza": {
      "RES-Kattakurgan": [
        0.19673064531234552,
        0.3150917841899787,
        0.3941413510006163,
        0.040456182529532835,
        0.7062596827998304,
        0.6067319438816688,
        0.4682796918852329,
        0.30925702535187727,
        0.007349213814345355,
        0.033541653327514666,
        0.05036419858659238,
        0.013265849176886042
      ],