{
  "objective_value": 41690649439.91732,
  "reservoir_parameters": {
    "RES-Kattakurgan": {
      "h1": [
        500.87768640500434,
        498.55358627382594,
        499.5552208600888,
        499.5091177526722,
        508.61110798858397,
        508.91524868071843,
        508.28196862081506,
        507.8393207007684,
        504.575735537272,
        502.09071599960413,
        500.7683425834115,
        502.0271392986943
      ],
      "h2": [
        504.3938778773965,
        510.75735969389694,
        502.7026323970328,
        502.64725419397803,
        509.64049730761883,
        509.6530908815013,
        510.6616450209293,
        511.09501224835066,
        507.23433917258893,
        509.1367868654479,
        508.05033810188536,
        506.9521043344057
      ],
      "w": [
        18.124151263584366,
        96.9140788253534,
        24.67570902182198,
        29.21288271202345,
        84.31192316814324,
        59.65726163495493,
        102.46342301492524,
        62.03170690413043,
        20.174114964485693,
        6.430223607187063,
        10.140897583297656,
        17.392628134695304
      ],
      "m1": [
        1.5289638096184361,
        1.4847106874225102,
        1.569413753343509,
        1.520124240205915,
        1.5632106652166504,
        1.4946558782805481,
        1.5293197550252964,
        1.5409096090327603,
        1.5592830402094364,
        1.562118699277716,
        1.5674294190016318,
        1.5570433285421352
      ],
      "m2": [
        1.4897159957157993,
        1.554955984280337,
        1.5518421546074619,
        1.5164043068751198,
        1.5326555332657128,
        1.4842473631802842,
        1.492112976503359,
        1.5647173673527277,
        1.5089962165072657,
        1.5161487066703392,
        1.4786259884210735,
        1.500396881247501
      ]
    },
    "RES-Akdarya": {
      "h1": [
        486.26490333289314,
        494.94169917480264,
        490.2787897352472,
        491.51968939040563,
        490.9270603299861,
        491.05456615904245,
        488.49212961394124,
        491.3924373424339,
        490.92588579207137,
        489.9046234341057,
        488.8724668532175,
        486.3695015580967
      ],
      "h2": [
        494.679849332284,
        495.7317601245864,
        491.47220548664365,
        494.48102528567364,
        493.26997317091866,
        496.00867739396364,
        496.1425558601249,
        491.82193481558494,
        495.6342122408603,
        489.97136395239556,
        495.0014845727224,
        487.28715468933535
      ],
      "w": [
        14.267300837104397,
        10.566712155100438,
        15.392292810047087,
        81.07644642518144,
        23.935472523420543,
        114.99977302710819,
        104.68727583059442,
        87.39538839978917,
        81.71329188878344,
        18.29234958186686,
        62.60160925245763,
        42.14309917046681
      ],
      "m1": [
        1.5356323712796192,
        1.5480837677040904,
        1.5429676240391026,
        1.4992042239821417,
        1.4953257970171874,
        1.505345609748821,
        1.4988737454815282,
        1.557132866292657,
        1.5080573439314457,
        1.5305639474519055,
        1.4707457247844715,
        1.5029994203950479
      ],
      "m2": [
        1.5200456576065016,
        1.5138859924410946,
        1.524077145717542,
        1.5125027095738892,
        1.5345195895569643,
        1.5208550207866587,
        1.4729593980256819,
        1.50782824733577,
        1.4790403155999066,
        1.5076468398398204,
        1.5316459733208976,
        1.5206987631150817
      ]
    }
  },
  "hydroworks_parameters": {
    "HW-EskiAnkhor": {
      "Pastdargom": [
        0.8102866735084991,
        0.7611079561433695,
        0.3176220578361578,
        0.6561199203008637,
        0.8562172029262661,
        0.8096259249213116,
        0.11841419428984425,
        0.08897405739375179,
        0.0008797611115269836,
        0.030206592260719305,
        0.211884172124013,
        0.6338985408501492
      ],
      "Nurobod": [
        0.18971332649150086,
        0.2388920438566306,
        0.6823779421638422,
        0.34388007969913625,
        0.14378279707373384,
        0.19037407507868845,
        0.8815858057101558,
        0.9110259426062483,
        0.999120238888473,
        0.9697934077392807,
        0.788115827875987,
        0.36610145914985087
      ]
    },
    "HW-Ravatkhoza": {
      "HW-AkKaraDarya": [
        0.21165022129431926,
        0.07163141099323332,
        0.15196323865101213,
        0.01604887266679097,
        0.19693644345451297,
        0.1742274855906264,
        0.31000063031862657,
        0.5974766387863748,
        0.04786321015447609,
        0.44725637202978347,
        0.07460240882337713,
        0.15683299496521114
      ],
      "Bulungur": [
        0.05596224983963823,
        0.2617019223401,
        0.26063171892033615,
        0.48839891205266484,
        0.0811216770959583,
        0.13064585095392917,
        0.3185833461894411,
        0.07129696734230093,
        0.022230970504649394,
        0.06541873968139685,
        0.40020476072389305,
        0.3247528008330172
      ],
      "Jomboy": [
        0.49613348910892663,
        0.24944462749593857,
        0.266328498745499,
        0.11816026648902894,
        0.004855091491948861,
        0.026033220085866324,
        0.02760032691383787,
        0.010839763843754244,
        0.7546102544106557,
        0.4070498823374906,
        0.27516990879250997,
        0.09289937144410773
      ],
      "Sink-Jizzakh": [
        0.09274010288559448,
        0.08388870583739477,
        0.04753161082785276,
        0.039064806047326595,
        0.022958464537509174,
        0.08774591484423436,
        0.09280952851616439,
        0.2557048386609051,
        0.045657656116975975,
        0.0036847917227825645,
        0.051049506761695944,
        0.03508142626298655
      ],
      "Toyloq": [
        0.018862429920611237,
        0.07397386776058519,
        0.26510060289272547,
        0.0996410024293342,
        0.3519793825716529,
        0.19754404566929706,
        0.22820508582820498,
        0.01380679596270054,
        0.10967347154409322,
        0.059617333488476164,
        0.1378571779785161,
        0.3164125940541096
      ],
      "Urgut": [
        0.12465150695091026,
        0.25935946557274814,
        0.00844432996257451,
        0.23868614031485438,
        0.34214894084841785,
        0.38380348285604665,
        0.022801082233725112,
        0.05087499540396435,
        0.019964437269149784,
        0.016972880740070313,
        0.06111623692000778,
        0.07402081244056774
      ]
    },
    "HW-AkKaraDarya": {
      "Oqdaryo": [
        0.8561482571724146,
        0.6838585413236438,
        0.5,
        0.41296912082092624,
        0.10454722136129843,
        0.08372142079853288,
        0.0014108845504688754,
        0.003716930522182849,
        0.17557689642396462,
        0.8250764776011453,
        0.5822442708974273,
        0.754378630117281
      ],
      "HW-Damkhoza": [
        0.1438517428275854,
        0.31614145867635624,
        0.5,
        0.5870308791790737,
        0.8954527786387015,
        0.9162785792014672,
        0.9985891154495311,
        0.9962830694778172,
        0.8244231035760354,
        0.17492352239885461,
        0.41775572910257275,
        0.24562136988271902
      ]
    },
    "HW-Damkhoza": {
      "RES-Kattakurgan": [
        0.04425988652572777,
        0.6743905140906136,
        0.37054029265856914,
        0.25995901893037426,
        0.5171411787949844,
        0.4367180621980631,
        0.4354497728454002,
        0.34588140065696504,
        0.44872217900818945,
        0.0640328114641023,
        0.004604717092021114,
        0.1562226744511577
      ],