{
  "objective_value": 30483971926.6056,
  "reservoir_parameters": {
    "RES-Kattakurgan": {
      "h1": [
        500.0892168587001,
        500.0374502791054,
        498.6898344318456,
        507.68492611934806,
        505.70808156107364,
        510.9308079605728,
        509.30652137576396,
        508.07555988324935,
        501.774199819184,
        504.91681495023823,
        502.0147476430876,
        499.53207067234075
      ],
      "h2": [
        505.18096436101445,
        510.29368816698457,
        507.8648861907503,
        508.6778278016831,
        509.6259796770608,
        511.0046544450245,
        511.01378732535693,
        509.07601540249385,
        508.9883952922429,
        508.4030366169932,
        509.57368708913464,
        510.87142560449155
      ],
      "w": [
        37.86052495682336,
        116.64763604268298,
        105.49327590213109,
        23.862748665718968,
        41.644303373780275,
        72.3307339627893,
        60.2556470170624,
        82.38007420843839,
        30.42854320394918,
        41.37446815272737,
        10.723718206727018,
        25.24330576416056
      ],
      "m1": [
        1.544400940433196,
        1.4765201716209029,
        1.5213149906969157,
        1.4774694766026921,
        1.5268592060558634,
        1.558858838831505,
        1.526906879851815,
        1.5019900647250974,
        1.4840701675119827,
        1.4809229220460565,
        1.50880368687809,
        1.470679084816101
      ],
      "m2": [
        1.4709865368738542,
        1.4884393041390866,
        1.557131007959998,
        1.479300477345737,
        1.5698746827760885,
        1.4935058444613238,
        1.4818478983329366,
        1.4707610893057237,
        1.5308426136146942,
        1.5691395030660735,
        1.485745984163635,
        1.4727750957752457
      ]
    },
    "RES-Akdarya": {
      "h1": [
        494.70228114470706,
        488.72476773383454,
        486.7730623280996,
        485.7165727924813,
        487.4640562461763,
        486.82162148685944,
        489.111455776701,
        489.10712487797156,
        491.8783725508362,
        490.140817758804,
        487.2896182369043,
        488.09233127548634
      ],
      "h2": [
        496.27563894962515,
        492.5647089625312,
        494.7139738021856,
        495.27849825094063,
        496.6322365276073,
        490.97393457491324,
        490.0070752436272,
        494.75396769710795,
        492.04728332516464,
        491.967584147995,
        489.56424215893776,
        495.80909640841213
      ],
      "w": [
        65.71852904990142,
        114.19634522093664,
        20.976304336588996,
        121.35563689340705,
        79.71250373911782,
        8.951326933815077,
        124.89335894841977,
        68.69558454933485,
        96.1912200844875,
        87.93485951033736,
        79.10445650336037,
        75.2641035506337
      ],
      "m1": [
        1.5006646939997585,
        1.5369265418068332,
        1.5090244188717181,
        1.5119103711726745,
        1.5445622421849996,
        1.4873873223432845,
        1.5076957168454101,
        1.4905256509923306,
        1.5389675466631738,
        1.4862870163180213,
        1.5644157535575443,
        1.5629657651641091
      ],
      "m2": [
        1.5693517862158066,
        1.5064251474842074,
        1.5434686773670447,
        1.4920784429687826,
        1.4863408821326012,
        1.51294441338369,
        1.5175810793639748,
        1.4802239173398941,
        1.4782658463058587,
        1.4953529705991642,
        1.4873433181603433,
        1.5494480649172946
      ]
    }
  },
  "hydroworks_parameters": {
    "HW-EskiAnkhor": {
      "Pastdargom": [
        0.8534147274143375,
        0.7641113555470453,
        0.5022354481862067,
        0.1344973206630123,
        0.7647320672105667,
        0.7586021336284685,
        0.6933931263672527,
        0.09818737830806752,
        0.4651870401684444,
        0.1363353183079401,
        0.36133542323461737,
        0.6309800155675077
      ],
      "Nurobod": [
        0.1465852725856624,
        0.23588864445295465,
        0.49776455181379337,
        0.8655026793369878,
        0.23526793278943328,
        0.24139786637153143,
        0.30660687363274736,
        0.9018126216919324,
        0.5348129598315556,
        0.8636646816920599,
        0.6386645767653827,
        0.36901998443249234
      ]
    },
    "HW-Ravatkhoza": {
      "HW-AkKaraDarya": [
        0.19314590632643,
        0.07971181080365516,
        0.10260162356427827,
        0.18846007694887176,
        0.29759423229946397,
        0.1968526725559994,
        0.26960263030934706,
        0.3741391183736982,
        0.0346999525329018,
        0.09772648101836552,
        0.2579422512171266,
        0.1603286276218986
      ],
      "Bulungur": [
        0.27296506260316056,
        0.3186352367569514,
        0.34244104816087184,
        0.30486423803038015,
        0.03684885608885522,
        0.03794228652271941,
        0.01492696450551368,
        0.05067792196842183,
        0.30299343331179335,
        0.005554135708180784,
        0.25338928450447884,
        0.390092978506795
      ],
      "Jomboy": [
        0.26204615592018765,
        0.2940358440505223,
        0.038476791930677844,
        0.28834440635714625,
        0.22618269686368606,
        0.25536725383416625,
        0.0682197453830012,
        0.15035831095904428,
        0.38315301937428087,
        0.7250519589877094,
        0.20556897198147175,
        0.06846765856830786
      ],
      "Sink-Jizzakh": [
        0.10199724728608844,
        0.09570972029994507,
        0.05132657248349645,
        0.0610812622023812,
        0.06470972056529567,
        0.08430156430023003,
        0.22418640925925548,
        0.06663926136534944,
        0.031295966137545365,
        0.040568053989283766,
        0.0629004336825925,
        0.02819156772573293
      ],
      "Toyloq": [
        0.07466096987079242,
        0.024039838439764004,
        0.3818947969622941,
        0.06222211368989658,
        0.24168721645864935,
        0.18426186221118626,
        0.25782307948631816,
        0.17956680728088903,
        0.23303840378483123,
        0.08110986595909354,
        0.13754545962958292,
        0.060272750290352665
      ],
      "Urgut": [
        0.09518465799334098,
        0.18786754964916214,
        0.08325916689838135,
        0.09502790277132395,
        0.13297727772404982,
        0.24127436057569868,
        0.16524117105656455,
        0.17861858005259726,
        0.014819224858647482,
        0.04998950433736713,
        0.0826535989847475,
        0.29264641728691304
      ]
    },
    "HW-AkKaraDarya": {
      "Oqdaryo": [
        0.9458270423521411,
        0.4690576780162716,
        0.6924565412462411,
        0.5638820447979453,
        0.06301473371465341,
        0.09621296605537794,
        0.08520049635515123,
        0.002577795226949788,
        0.25303888841029526,
        0.2673732490870286,
        0.28082016320196207,
        0.2400150162168616
      ],
      "HW-Damkhoza": [
        0.05417295764785891,
        0.5309423219837285,
        0.3075434587537589,
        0.4361179552020547,
        0.9369852662853466,
        0.903787033944622,
        0.9147995036448487,
        0.9974222047730502,
        0.7469611115897048,
        0.7326267509129715,
        0.719179836798038,
        0.7599849837831384
      ]
    },
    "HW-Damkhoza": {
      "RES-Kattakurgan": [
        0.3873170365471406,
        0.29172741280753,
        0.44282034770242823,
        0.1676105511413719,
        0.6030024758641137,
        0.6887979493887747,
        0.5344044120363232,
        0.044287235050077825,
        0.2658082217238801,
        0.22375173275553373,
        0.3113966814755325,
        0.17675724401325993
      ],