{
  "objective_value": 31259925173.633163,
  "reservoir_parameters": {
    "RES-Kattakurgan": {
      "h1": [
        500.5997796068946,
        498.6899187404054,
        498.53466982751155,
        507.417563041105,
        507.5308475873984,
        510.2633803875887,
        508.76216742922617,
        507.1325214470915,
        501.8794878533779,
        502.4968012393377,
        499.67646904444956,
        502.7468401132161
      ],
      "h2": [
        506.9795796261629,
        506.2180850868616,
        500.03817338420174,
        509.67532651822614,
        510.1292659935578,
        510.870010778093,
        510.2892714671147,
        509.4574669427303,
        506.71453789347936,
        508.9823617649057,
        509.5657543398918,
        506.7438184607549
      ],
      "w": [
        20.30004742595154,
        97.78485376857951,
        95.46006393892917,
        42.22921319995944,
        105.50862847101875,
        112.6888821912519,
        108.27130244042286,
        100.47025304550166,
        17.312499652110763,
        16.08868874215022,
        0.09197374853305018,
        21.156932267673927
      ],
      "m1": [
        1.5644062839532642,
        1.4919159943842855,
        1.4722918385631394,
        1.487835294735539,
        1.5519579623058681,
        1.5358752481579805,
        1.4740583090606887,
        1.5148434406646711,
        1.5619806076631537,
        1.5647290270601848,
        1.5610128078114047,
        1.510493446505034
      ],
      "m2": [
        1.4865661529659968,
        1.4871073313420229,
        1.5024724417159818,
        1.4968138912621731,
        1.4767568284264125,
        1.5195244350204635,
        1.4740532489643354,
        1.4809195546181377,
        1.5118531502561243,
        1.5011137138021802,
        1.5642606672359498,
        1.5524510592119654
      ]
    },
    "RES-Akdarya": {
      "h1": [
        486.63900361685927,
        494.5504025501183,
        487.8121134038772,
        486.66958249677924,
        490.2064504732455,
        488.5244236121892,
        488.79608630776045,
        489.62992427174413,
        490.66412828207586,
        491.51720054877364,
        489.8038549573549,
        485.7494979339115
      ],
      "h2": [
        493.1287897038847,
        494.7743964008443,
        494.3825943701483,
        490.88664077863035,
        490.7648938785284,
        489.413572236128,
        496.41308925447237,
        495.1294174838459,
        492.84753215405254,
        494.43114982378546,
        495.4581683962462,
        486.7064592652684
      ],
      "w": [
        20.31624504053811,
        74.76035004267227,
        38.88436801342414,
        43.61188754147591,
        65.9998474162698,
        120.75385607315536,
        91.18361317455175,
        64.44589529852936,
        53.45894159097514,
        96.89357817671629,
        85.95236089764579,
        10.992841398096392
      ],
      "m1": [
        1.5423528958504178,
        1.476371488124277,
        1.4924510779194105,
        1.5030776787788969,
        1.529769212745998,
        1.4991509400991418,
        1.5106727452528679,
        1.5416806160898824,
        1.5259967723790606,
        1.561551607231036,
        1.537591962788538,
        1.556608619853612
      ],
      "m2": [
        1.5165151109361605,
        1.5417779304121981,
        1.4878963181762854,
        1.5115427698917387,
        1.5522452102190687,
        1.5698732372617235,
        1.4999244062858916,
        1.4748683125944702,
        1.5129178625313835,
        1.4774837838345503,
        1.5126158370665193,
        1.5407908854187005
      ]
    }
  },
  "hydroworks_parameters": {
    "HW-EskiAnkhor": {
      "Pastdargom": [
        0.8747728514079298,
        0.728509034155558,
        0.6074542130693057,
        0.5480187086160044,
        0.8813330857589475,
        0.8022175394442667,
        0.5271119274966902,
        0.10513467022344836,
        0.18900313633837418,
        0.18480772587420333,
        0.9123903559477448,
        0.32328980729086687
      ],
      "Nurobod": [
        0.12522714859207024,
        0.27149096584444204,
        0.3925457869306943,
        0.45198129138399556,
        0.11866691424105251,
        0.19778246055573334,
        0.47288807250330983,
        0.8948653297765516,
        0.8109968636616259,
        0.8151922741257966,
        0.08760964405225519,
        0.6767101927091331
      ]
    },
    "HW-Ravatkhoza": {
      "HW-AkKaraDarya": [
        0.30245322354467574,
        0.09327207983447772,
        0.014142918305956024,
        0.13781041705922073,
        0.06726895175654869,
        0.08434227031914081,
        0.07917304137760656,
        0.017294106574030105,
        0.027053160445491085,
        0.03206234663708982,
        0.17520996319203108,
        0.06502775754306282
      ],
      "Bulungur": [
        0.2647992225447527,
        0.24006125349885563,
        0.33349348918049937,
        0.19552291627411258,
        0.02591427652148815,
        0.27295398225613676,
        0.11794004488184297,
        0.3852280987031657,
        0.48502427148836286,
        0.3682803874374447,
        0.15812337014130226,
        0.25175113729001847
      ],
      "Jomboy": [
        0.07967997558640001,
        0.25588022982857556,
        0.24339593409821444,
        0.30337288159557224,
        0.3484506736336474,
        0.01752458131888666,
        0.3430202350648049,
        0.3355514957322466,
        0.3454258138705597,
        0.2920849052024516,
        0.33283797912952945,
        0.3883562097526191
      ],
      "Sink-Jizzakh": [
        0.09939551586424948,
        0.07745310350475774,
        0.05513316627228346,
        0.029960451737761115,
        0.08173694021737485,
        0.03872103564022526,
        0.06969131248551423,
        0.0651425373662982,
        0.04117098432274177,
        0.1405570693686666,
        0.0004953542038038573,
        0.020390781963540057
      ],
      "Toyloq": [
        0.15933630732836018,
        0.14909626022609937,
        0.20677851320982416,
        0.17943744954892057,
        0.1630545537478749,
        0.25179053086961467,
        0.11465358235061836,
        0.16140849632418272,
        0.07041728369584585,
        0.15769493356030828,
        0.0023573314957720235,
        0.24870906685531413
      ],
      "Urgut": [
        0.09433575513156199,
        0.184237073107234,
        0.14705597893322253,
        0.15389588378441274,
        0.31357460412306604,
        0.3346675995959958,
        0.27552178383961307,
        0.03537526530007672,
        0.030908486176998668,
        0.009320357794039086,
        0.3309760018375613,
        0.025765046595445217
      ]
    },
    "HW-AkKaraDarya": {
      "Oqdaryo": [
        0.16582678228738412,
        0.9398322868185198,
        0.04652092826301757,
        0.9279872742049086,
        0.09299887558379658,
        0.05516267208296261,
        0.1847983534158511,
        0.24623155150760773,
        0.412396151689708,
        0.6120864289152279,
        0.9426122850842462,
        0.28454431691423243
      ],
      "HW-Damkhoza": [
        0.8341732177126159,
        0.06016771318148015,
        0.9534790717369824,
        0.07201272579509149,
        0.9070011244162034,
        0.9448373279170373,
        0.8152016465841488,
        0.7537684484923923,
        0.587603848310292,
        0.38791357108477204,
        0.05738771491575376,
        0.7154556830857676
      ]
    },
    "HW-Damkhoza": {
      "RES-Kattakurgan": [
        0.3597794381036561,
        0.4146366311411777,
        0.20966692427660943,
        0.04519079364764199,
        0.686661356870216,
        0.6445982066994799,
        0.398429869879745,
        0.10616683565677894,
        0.38083807608481846,
        0.41821010759420635,
        0.004757430511888158,
        0.1382714519628133
      ],