{
  "objective_value": 13843790297.128311,
  "reservoir_parameters": {
    "RES-Kattakurgan": {
      "h1": [
        501.05471430823656,
        499.4962808665613,
        498.622676342066,
        509.7900287736685,
        501.65283494162105,
        510.3757681168019,
        509.82173431066474,
        508.4361837322048,
        507.3721472887324,
        506.2541275761714,
        500.9588767602411,
        501.41509705059013
      ],
      "h2": [
        504.1978879034652,
        507.6088137746677,
        499.36842248485914,
        510.48142674315204,
        508.2438433678847,
        511.0812661011158,
        510.4445806657228,
        510.5266602090734,
        510.494202254114,
        510.0249428746878,
        507.6842855359759,
        510.63338592945934
      ],
      "w": [
        27.011998736708314,
        58.68064099973446,
        89.3313380838203,
        20.802000456980608,
        25.902268930543716,
        106.78897178988075,
        88.29968898871377,
        60.114102893108175,
        70.79125327171997,
        89.63876187767232,
        15.576741207238106,
        18.68026540686589
      ],
      "m1": [
        1.5536600785622787,
        1.5081101645442347,
        1.5586031844825894,
        1.562152861856115,
        1.5425465505666998,
        1.5619523793053671,
        1.5454921630846792,
        1.5373795442597349,
        1.5334388471743758,
        1.5246133703287708,
        1.5444300759935436,
        1.5474562606509965
      ],
      "m2": [
        1.4728056490446135,
        1.5343621810860375,
        1.493373439151326,
        1.4865698308133966,
        1.5579473923028957,
        1.4899428314288519,
        1.4896871172293744,
        1.4987017949481476,
        1.534774768882606,
        1.5172522437198288,
        1.480310350780167,
        1.477228538270251
      ]
    },
    "RES-Akdarya": {
      "h1": [
        495.73050530321876,
        495.5016336498044,
        489.70659337156604,
        489.6572193354671,
        486.6581854161852,
        486.185830391595,
        492.3525473142169,
        488.28374668000333,
        488.7606056130156,
        485.4970003977514,
        486.63112153687547,
        488.9464760833999
      ],
      "h2": [
        495.7734331869391,
        496.2593522018269,
        495.7256936681024,
        491.8500334055293,
        488.047953753632,
        493.502828421976,
        494.0412803236061,
        489.20661153745004,
        492.5553581148486,
        487.6845112393699,
        494.37710076059244,
        492.2182523618308
      ],
      "w": [
        70.4103316174313,
        83.38713610785942,
        76.38467398227301,
        19.115531862491515,
        24.874019675799982,
        119.67063343446866,
        65.79754688562883,
        37.85224141840685,
        19.471067195970278,
        97.78567358064821,
        57.03407487248696,
        24.234441493171886
      ],
      "m1": [
        1.5610908962706769,
        1.499099181483509,
        1.474901336622912,
        1.5274007583109006,
        1.5507266839931924,
        1.53001982393809,
        1.5694273313355016,
        1.5120755732966102,
        1.4721395582140584,
        1.526918159769009,
        1.5652392431040374,
        1.490052245404561
      ],
      "m2": [
        1.4724939583065635,
        1.4712511110397775,
        1.4765599701499892,
        1.5010869848011394,
        1.488915254733765,
        1.5414500221725125,
        1.5477930311911132,
        1.5384471487237878,
        1.5044566047968075,
        1.5019336120328506,
        1.5599483164452221,
        1.5149102906036556
      ]
    }
  },
  "hydroworks_parameters": {
    "HW-EskiAnkhor": {
      "Pastdargom": [
        0.7402918828229021,
        0.5,
        0.11679283010536899,
        0.17242184982716138,
        0.7514019143465991,
        0.772818808023191,
        0.9442444732176036,
        0.45851560831594057,
        0.4990562431635164,
        0.4424672579075591,
        0.3988701346737258,
        0.3925683264186421
      ],
      "Nurobod": [
        0.25970811717709785,
        0.5,
        0.883207169894631,
        0.8275781501728386,
        0.2485980856534009,
        0.22718119197680897,
        0.05575552678239641,
        0.5414843916840594,
        0.5009437568364836,
        0.5575327420924409,
        0.6011298653262742,
        0.6074316735813579
      ]
    },
    "HW-Ravatkhoza": {
      "HW-AkKaraDarya": [
        0.056712744265100846,
        0.2133771406937778,
        0.12181610700071781,
        0.18329061852463935,
        0.2641091365739798,
        0.33347127148480893,
        0.16800616886718017,
        0.2769173620875976,
        0.12076510927386364,
        0.0418893431788294,
        0.19932256199642268,
        0.17605233371933396
      ],
      "Bulungur": [
        0.47107234022253336,
        0.17948843851858445,
        0.2115172263326155,
        0.1678212676253573,
        0.2915397265385368,
        0.10913361119639546,
        0.002310676695911304,
        0.14995375480247022,
        0.30715317707436873,
        0.3450357188460873,
        0.16317352388637998,
        0.25290884546275383
      ],
      "Jomboy": [
        0.1953319537232911,
        0.2440448895227982,
        0.26921424719378245,
        0.4503882533473842,
        0.016583779013290133,
        0.05750797623107973,
        0.06893055747666024,
        0.1744120188739602,
        0.3005944041413201,
        0.3058159390134525,
        0.2152331391460966,
        0.31073483524326584
      ],
      "Sink-Jizzakh": [
        0.10472101249983358,
        0.161527760051721,
        0.06411908613955088,
        0.0394794246284837,
        0.04816393456139817,
        0.06660783259620011,
        0.09215461471242502,
        0.06145768009838812,
        0.057398357537052705,
        0.06847805122004466,
        0.04485321051926482,
        0.04887314167646245
      ],
      "Toyloq": [
        0.10860958167767501,
        0.13868218076686978,
        0.26445051846409917,
        0.11132021519344654,
        0.0836761162554304,
        0.2601517583742915,
        0.37578775272528786,
        0.08260959855656445,
        0.14585527835380063,
        0.20011396870012974,
        0.23916481338395518,
        0.1329076281286384
      ],
      "Urgut": [
        0.06355236761156613,
        0.06287959044624883,
        0.06888281486923416,
        0.04770022068068887,
        0.29592730705736475,
        0.17312755011722442,
        0.2928102295225354,
        0.2546495855810194,
        0.06823367361959415,
        0.0386669790414565,
        0.13825275106788082,
        0.0785232157695456
      ]
    },
    "HW-AkKaraDarya": {
      "Oqdaryo": [
        0.7532550396503763,
        0.2271083045553624,
        0.9376281358209412,
        0.9066147139326975,
        0.637215609075883,
        0.034457255287477145,
        0.11755039944684662,
        0.10280806097004323,
        0.2794675506040372,
        0.6379133692440417,
        0.4163941375103258,
        0.7826992970035815
      ],
      "HW-Damkhoza": [
        0.24674496034962362,
        0.7728916954446375,
        0.062371864179058795,
        0.09338528606730248,
        0.362784390924117,
        0.9655427447125229,
        0.8824496005531534,
        0.8971919390299568,
        0.7205324493959628,
        0.3620866307559583,
        0.5836058624896742,
        0.2173007029964184
      ]
    },
    "HW-Damkhoza": {
      "RES-Kattakurgan": [
        0.41597252853808586,
        0.24226270631228555,
        0.1802938740760916,
        0.0005501159581969678,
        0.3048370495508207,
        0.5946453706536452,
        0.5771598892963824,
        0.30681128015937487,
        0.5011182886540448,
        0.18667798601586186,
        0.4063231859424352,
        0.11459253900684446
      ],