{
  "objective_value": 13980304812.254972,
  "reservoir_parameters": {
    "RES-Kattakurgan": {
      "h1": [
        498.56165276611574,
        499.41815940750814,
        499.0196179405169,
        498.66428918608545,
        508.90077190489274,
        506.8916116357289,
        510.4121110523886,
        508.94278963333977,
        508.80360885011675,
        503.18934958398427,
        501.25832983242884,
        502.4757827011678
      ],
      "h2": [
        507.62307686479113,
        508.02872126487654,
        503.2765284449475,
        502.579008675882,
        511.00179619707296,
        508.344542691402,
        510.7956127439759,
        510.44920445097307,
        510.68252748617124,
        510.03148071894924,
        508.7175546568639,
        508.30532472588874
      ],
      "w": [
        20.68547859979314,
        68.37379392834836,
        33.373187655145856,
        82.78928776535227,
        105.20966616887456,
        38.33634880123958,
        45.78632820664255,
        52.112142627231464,
        32.079919938209315,
        15.389043870700295,
        11.248003393438635,
        11.466013232952044
      ],
      "m1": [
        1.4732901594151355,
        1.4907575086042333,
        1.5544222036712378,
        1.568007755921692,
        1.532213637293084,
        1.5352090647231256,
        1.5555912158298715,
        1.503643501043691,
        1.543345868034012,
        1.5641306817161655,
        1.5402735994286394,
        1.4733267805647998
      ],
      "m2": [
        1.5661304166027616,
        1.4815082072034869,
        1.5012494653050297,
        1.4864694260821565,
        1.5197094761888894,
        1.5499290750154509,
        1.5695701889122406,
        1.5057174107332916,
        1.502402466229412,
        1.5442608071377575,
        1.5608781145614337,
        1.5578420950402716
      ]
    },
    "RES-Akdarya": {
      "h1": [
        489.1409239675341,
        495.55350337558417,
        489.88067391068836,
        485.93201521298295,
        487.51978156400247,
        485.7700467565401,
        491.5342006375458,
        487.6225905636095,
        488.6367077471215,
        485.95202443893356,
        486.72770713461375,
        485.9045988385748
      ],
      "h2": [
        494.8022845704106,
        496.08835254613643,
        495.76964068420233,
        489.91395090507564,
        494.9637112503217,
        486.9592650367235,
        492.01228838282356,
        495.4761233344812,
        496.32673797979237,
        494.52699174735454,
        493.8142939449757,
        496.3057535029223
      ],
      "w": [
        109.74795829253301,
        53.42569916484795,
        21.339633883915507,
        44.750541240283454,
        57.01693200805162,
        37.57358286808993,
        17.330223113310783,
        96.76156439662643,
        64.71627217696697,
        114.89836463393613,
        13.669053939706243,
        29.80593159666339
      ],
      "m1": [
        1.541569383329192,
        1.550042412818255,
        1.5109025646524823,
        1.47097921653079,
        1.5468432236561542,
        1.4712504197747123,
        1.481301857584054,
        1.542670383752995,
        1.4728130717469343,
        1.5658077082045057,
        1.515356375776178,
        1.542883982377504
      ],
      "m2": [
        1.5069167236983292,
        1.5039399638125792,
        1.5228199591609655,
        1.5165562760877487,
        1.4876164091362003,
        1.530544292774089,
        1.5018678567059511,
        1.5055918859697157,
        1.5508552266626905,
        1.5270161679376986,
        1.4782523155693474,
        1.5397292604706372
      ]
    }
  },
  "hydroworks_parameters": {
    "HW-EskiAnkhor": {
      "Pastdargom": [
        0.7219695744512893,
        0.7048531005417515,
        0.33502841498585456,
        0.10769695488021086,
        0.6205961428253777,
        0.8097382537178863,
        0.7774360756032802,
        0.6680363055169054,
        0.201162486354748,
        0.5520131164075462,
        0.5052848668302535,
        0.6587472488891377
      ],
      "Nurobod": [
        0.27803042554871066,
        0.29514689945824846,
        0.6649715850141454,
        0.8923030451197892,
        0.3794038571746224,
        0.19026174628211368,
        0.22256392439671974,
        0.3319636944830946,
        0.798837513645252,
        0.4479868835924538,
        0.49471513316974647,
        0.3412527511108623
      ]
    },
    "HW-Ravatkhoza": {
      "HW-AkKaraDarya": [
        0.25471304480726936,
        0.013025598009067012,
        0.031080789674307493,
        0.21515374820353114,
        0.20039166506506917,
        0.021047744149097374,
        0.24675735929048045,
        0.022550578947365632,
        0.2597736014074758,
        0.05817836995792913,
        0.25276158485890693,
        0.25072413144359407
      ],
      "Bulungur": [
        0.22628143719844113,
        0.38209480559020254,
        0.3022525436590258,
        0.33467560910697103,
        0.20883227065208546,
        0.049953149826811545,
        0.02819902705391909,
        0.12151578630896578,
        0.2827094124750306,
        0.23861382515821,
        0.1960597129685642,
        0.24605675626641238
      ],
      "Jomboy": [
        0.30400862819920577,
        0.08485035696294377,
        0.15937133399920153,
        0.22284182378046227,
        0.2296942668932761,
        0.33202976135286455,
        0.029814995721683002,
        0.32017174743995686,
        0.30654000636318957,
        0.28601477943373804,
        0.20146184200334702,
        0.18350115276886164
      ],
      "Sink-Jizzakh": [
        0.09143817009280769,
        0.12773420472253746,
        0.17396199933413178,
        0.02990858553001841,
        0.049217428298499184,
        0.06906613580532693,
        0.05239975812800752,
        0.0441186947151348,
        0.012468664039391342,
        0.05932149365549893,
        0.052772879370745755,
        0.011947378602712876
      ],
      "Toyloq": [
        0.04641703528393442,
        0.03431195017491157,
        0.1476718923680815,
        0.045011144561661685,
        0.00724014505417279,
        0.2892921975715117,
        0.22282702029327559,
        0.013294217097669024,
        0.0007333502711007786,
        0.27337926943607765,
        0.12977648474810952,
        0.12090820905384195
      ],
      "Urgut": [
        0.07714168441834177,
        0.35798308454033756,
        0.1856614409652518,
        0.15240908881735554,
        0.30462422403689726,
        0.23861101129438786,
        0.42000183951263437,
        0.478348975490908,
        0.13777496544381193,
        0.08449226235854618,
        0.16716749605032655,
        0.18686237186457713
      ]
    },
    "HW-AkKaraDarya": {
      "Oqdaryo": [
        0.225232250107386,
        0.3456916442693546,
        0.660106764318444,
        0.08809536594422555,
        0.3741368137799414,
        0.1309241543898304,
        0.164139355307423,
        0.2775371936354012,
        0.14267605066904737,
        0.441767305755052,
        0.6269983313747652,
        0.6923131498224193
      ],
      "HW-Damkhoza": [
        0.774767749892614,
        0.6543083557306454,
        0.3398932356815561,
        0.9119046340557745,
        0.6258631862200587,
        0.8690758456101696,
        0.835860644692577,
        0.7224628063645988,
        0.8573239493309527,
        0.558232694244948,
        0.3730016686252348,
        0.30768685017758074
      ]
    },
    "HW-Damkhoza": {
      "RES-Kattakurgan": [
        0.30434257417220933,
        0.32967801418559567,
        0.015149424745707067,
        0.017667447986254997,
        0.257619401245471,
        0.5953649214840046,
        0.4479227166998996,
        0.3679885922421818,
        0.26279085218961235,
        0.04407843008544574,
        0.00939859577894925,
        0.029985385959490955
      ],