{
  "objective_value": 19865810703.913673,
  "reservoir_parameters": {
    "RES-Kattakurgan": {
      "h1": [
        502.0497925535608,
        499.39778925600206,
        499.3433092504911,
        498.7893425593238,
        507.0414174866497,
        508.80904133473143,
        509.239851619123,
        509.67504475358606,
        506.20429982543146,
        505.53490038878664,
        505.5739847965451,
        503.7539679414544
      ],
      "h2": [
        508.8826648238779,
        507.78560013115543,
        510.8242439406833,
        499.2256342371796,
        509.9430030091163,
        509.6583909032563,
        510.8830727542818,
        509.7692965757227,
        509.0285349992565,
        505.86573143038055,
        509.53297777510977,
        510.3178827835169
      ],
      "w": [
        20.18759362555353,
        74.01830432352187,
        70.86900668915858,
        54.996223746820505,
        53.79827220522165,
        103.36284354910315,
        23.195740822502504,
        59.394717808714205,
        101.65655761859088,
        96.77707680545221,
        80.14730433097681,
        21.123686236283774
      ],
      "m1": [
        1.5187502104941744,
        1.488260077827508,
        1.5504117424086359,
        1.5364821909325088,
        1.5665085101557432,
        1.5671985947722593,
        1.5071457969208077,
        1.5440823227642833,
        1.4814350911492302,
        1.4711944591993769,
        1.4870863432497599,
        1.4702692275723765
      ],
      "m2": [
        1.5538033161101723,
        1.5611319875475258,
        1.5423303666908228,
        1.523042939957262,
        1.5341427258518137,
        1.5102107087448886,
        1.5123496054298018,
        1.5432254011998745,
        1.546897330485878,
        1.5529263244908442,
        1.4864656085137407,
        1.491765076327092
      ]
    },
    "RES-Akdarya": {
      "h1": [
        488.931712426967,
        485.9250558475762,
        489.1864137722157,
        488.2261623911991,
        491.09423319962804,
        493.84225887186216,
        486.96114766218875,
        487.3002615731219,
        488.9883760623456,
        488.61959039579835,
        489.14059527436837,
        489.2032193539702
      ],
      "h2": [
        493.0211485586605,
        493.62949650799266,
        490.2605892314043,
        496.5341885019292,
        493.8789059738859,
        494.20868285445215,
        495.8610095654527,
        495.9738774147043,
        490.49819513795046,
        488.8720373280877,
        490.8647276432132,
        495.8305280916608
      ],
      "w": [
        95.44427907163673,
        0.03352723818528247,
        109.80860313731921,
        119.69008162499772,
        98.14352555872043,
        44.115290039060156,
        1.2373266323239958,
        27.256415041160498,
        115.77685651816383,
        53.77720652749447,
        25.450815462829944,
        85.2191627567317
      ],
      "m1": [
        1.541500546390125,
        1.4877683038669658,
        1.552500051874929,
        1.487917020607492,
        1.5098716446377214,
        1.5371075987493894,
        1.5547014434689157,
        1.4761368906924799,
        1.5338639968287224,
        1.5589139237864373,
        1.5513960499710773,
        1.49562592241393
      ],
      "m2": [
        1.5444661282816372,
        1.498141777938353,
        1.5286799654948973,
        1.5367983292230663,
        1.487262137447069,
        1.4981555466531942,
        1.551550307567929,
        1.50165873736899,
        1.5108936233281625,
        1.4989844289320962,
        1.4939097087136537,
        1.5187815301010519
      ]
    }
  },
  "hydroworks_parameters": {
    "HW-EskiAnkhor": {
      "Pastdargom": [
        0.8821050295524936,
        0.5575430646275947,
        0.3499721086250491,
        0.5321875262641805,
        0.7499027160260494,
        0.8869751767123092,
        0.5778344916626258,
        0.10271395604553123,
        0.5918382002214381,
        0.4187857970277809,
        0.5451482951804922,
        0.4952411422185793
      ],
      "Nurobod": [
        0.11789497044750642,
        0.4424569353724052,
        0.6500278913749509,
        0.4678124737358194,
        0.2500972839739506,
        0.11302482328769085,
        0.42216550833737426,
        0.8972860439544688,
        0.408161799778562,
        0.5812142029722192,
        0.4548517048195077,
        0.5047588577814207
      ]
    },
    "HW-Ravatkhoza": {
      "HW-AkKaraDarya": [
        0.19845516187501397,
        0.1307887460530016,
        0.046175581030933284,
        0.16507656384711547,
        0.24665299457202555,
        0.02388059529865958,
        0.021429821312086997,
        0.2548348886218971,
        0.41443718665707024,
        0.004153292870208958,
        0.08695995393538175,
        0.12793187027515454
      ],
      "Bulungur": [
        0.1341380081263471,
        0.12062285202362333,
        0.28715775230240004,
        0.20696247820530733,
        0.09217164543595684,
        0.07673561761581973,
        0.01526147408562669,
        0.19115547942675012,
        0.035905819649401205,
        0.12121269681784815,
        0.24637337939795162,
        0.3054263146796839
      ],
      "Jomboy": [
        0.2421270375971288,
        0.23286639945267784,
        0.2985020406772304,
        0.2882597877972817,
        0.18466360076500893,
        0.05264978458826781,
        0.04838065598550457,
        0.2780307475293393,
        0.042777802467045316,
        0.516276675372148,
        0.2670339071033734,
        0.30539151374522194
      ],
      "Sink-Jizzakh": [
        0.12715631825473797,
        0.18802337677258307,
        0.03483129265610293,
        0.05528210736900468,
        0.06806765447515684,
        0.22532650254305353,
        0.47619269272656667,
        0.10534172665800212,
        0.09177880264731805,
        0.0704153951542122,
        0.06629942622996002,
        0.02547037281515835
      ],
      "Toyloq": [
        0.06795350153068538,
        0.3166233446495239,
        0.1383762660965053,
        0.19268457764159985,
        0.16348860331037252,
        0.21674073539478253,
        0.3659815808072945,
        0.16857687273192362,
        0.24426900936743073,
        0.14966484779097558,
        0.21652153928486498,
        0.023452085188970514
      ],
      "Urgut": [
        0.2301699726160868,
        0.01107528104859029,
        0.194957067236828,
        0.09173448513969112,
        0.24495550144147932,
        0.40466676455941686,
        0.07275377508292055,
        0.0020602850320877424,
        0.17083137921173444,
        0.138277091994607,
        0.11681179404846836,
        0.2123278432958109
      ]
    },
    "HW-AkKaraDarya": {
      "Oqdaryo": [
        0.6417395714800996,
        0.4140141751225352,
        0.4814220632193796,
        0.9243993677156715,
        0.06575045482933438,
        0.17107931471593724,
        0.062469277676460044,
        0.08596454638633533,
        0.8780939875086183,
        0.7324225897233619,
        0.7794303158726487,
        0.9636623803661128
      ],
      "HW-Damkhoza": [
        0.35826042851990036,
        0.5859858248774649,
        0.5185779367806205,
        0.07560063228432844,
        0.9342495451706656,
        0.8289206852840627,
        0.93753072232354,
        0.9140354536136648,
        0.12190601249138164,
        0.26757741027663806,
        0.22056968412735134,
        0.036337619633887194
      ]
    },
    "HW-Damkhoza": {
      "RES-Kattakurgan": [
        0.4398218663822753,
        0.233714473109641,
        0.31876059713257154,
        0.03678027438803966,
        0.47222268084225094,
        0.4888976285363517,
        0.42552329618067886,
        0.43452158116552997,
        0.027163414030796255,
        0.15783677406586377,
        0.5149772613830204,
        0.28755050063570675
      ],